def_codigo,def_codMunicipio,def_anio,def_codTipoDefuncion,def_rango_edad,def_codAreaDefuncion,def_genero,def_numeroCasos
1,41006,2016,8,3,,,0
2,41078,2016,8,3,,,0
3,41359,2016,8,3,,,0
4,41378,2016,8,3,,,0
5,41548,2016,8,3,,,0
6,41668,2016,8,3,,,0
7,41791,2016,8,3,,,0
8,41797,2016,8,3,,,0
9,41807,2016,8,3,,,0
10,41885,2016,8,3,,,0
11,41006,2016,8,4,,,0
12,41078,2016,8,4,,,0
13,41359,2016,8,4,,,0
14,41378,2016,8,4,,,0
15,41548,2016,8,4,,,1
16,41668,2016,8,4,,,0
17,41791,2016,8,4,,,1
18,41797,2016,8,4,,,0
19,41807,2016,8,4,,,1
20,41885,2016,8,4,,,0
21,41006,2016,8,5,,,0
22,41078,2016,8,5,,,1
23,41359,2016,8,5,,,0
24,41378,2016,8,5,,,0
25,41548,2016,8,5,,,1
26,41668,2016,8,5,,,1
27,41791,2016,8,5,,,0
28,41797,2016,8,5,,,1
29,41807,2016,8,5,,,0
30,41885,2016,8,5,,,0
31,41006,2016,8,7,,,1
32,41078,2016,8,7,,,0
33,41359,2016,8,7,,,0
34,41378,2016,8,7,,,0
35,41548,2016,8,7,,,0
36,41668,2016,8,7,,,1
37,41791,2016,8,7,,,0
38,41797,2016,8,7,,,0
39,41807,2016,8,7,,,0
40,41885,2016,8,7,,,0
41,41006,2016,8,8,,,0
42,41078,2016,8,8,,,0
43,41359,2016,8,8,,,0
44,41378,2016,8,8,,,0
45,41548,2016,8,8,,,0
46,41668,2016,8,8,,,1
47,41791,2016,8,8,,,0
48,41797,2016,8,8,,,0
49,41807,2016,8,8,,,0
50,41885,2016,8,8,,,0
51,41006,2016,8,9,,,0
52,41078,2016,8,9,,,0
53,41359,2016,8,9,,,1
54,41378,2016,8,9,,,0
55,41548,2016,8,9,,,0
56,41668,2016,8,9,,,0
57,41791,2016,8,9,,,0
58,41797,2016,8,9,,,0
59,41807,2016,8,9,,,0
60,41885,2016,8,9,,,0
61,41006,2016,8,10,,,0
62,41078,2016,8,10,,,0
63,41359,2016,8,10,,,0
64,41378,2016,8,10,,,0
65,41548,2016,8,10,,,1
66,41668,2016,8,10,,,0
67,41791,2016,8,10,,,0
68,41797,2016,8,10,,,0
69,41807,2016,8,10,,,0
70,41885,2016,8,10,,,1
71,41006,2016,8,11,,,0
72,41078,2016,8,11,,,0
73,41359,2016,8,11,,,0
74,41378,2016,8,11,,,0
75,41548,2016,8,11,,,0
76,41668,2016,8,11,,,1
77,41791,2016,8,11,,,1
78,41797,2016,8,11,,,0
79,41807,2016,8,11,,,0
80,41885,2016,8,11,,,0
81,41006,2016,8,12,,,0
82,41078,2016,8,12,,,0
83,41359,2016,8,12,,,0
84,41378,2016,8,12,,,0
85,41548,2016,8,12,,,0
86,41668,2016,8,12,,,0
87,41791,2016,8,12,,,0
88,41797,2016,8,12,,,0
89,41807,2016,8,12,,,0
90,41885,2016,8,12,,,0
91,41006,2016,8,13,,,0
92,41078,2016,8,13,,,0
93,41359,2016,8,13,,,0
94,41378,2016,8,13,,,1
95,41548,2016,8,13,,,0
96,41668,2016,8,13,,,0
97,41791,2016,8,13,,,0
98,41797,2016,8,13,,,0
99,41807,2016,8,13,,,0
100,41885,2016,8,13,,,0
101,41006,2016,8,14,,,0
102,41078,2016,8,14,,,0
103,41359,2016,8,14,,,0
104,41378,2016,8,14,,,0
105,41548,2016,8,14,,,0
106,41668,2016,8,14,,,0
107,41791,2016,8,14,,,1
108,41797,2016,8,14,,,2
109,41807,2016,8,14,,,0
110,41885,2016,8,14,,,0
111,41006,2016,8,15,,,0
112,41078,2016,8,15,,,0
113,41359,2016,8,15,,,0
114,41378,2016,8,15,,,0
115,41548,2016,8,15,,,0
116,41668,2016,8,15,,,1
117,41791,2016,8,15,,,0
118,41797,2016,8,15,,,0
119,41807,2016,8,15,,,0
120,41885,2016,8,15,,,0
121,41006,2016,8,16,,,0
122,41078,2016,8,16,,,0
123,41359,2016,8,16,,,0
124,41378,2016,8,16,,,0
125,41548,2016,8,16,,,0
126,41668,2016,8,16,,,0
127,41791,2016,8,16,,,0
128,41797,2016,8,16,,,0
129,41807,2016,8,16,,,0
130,41885,2016,8,16,,,0
131,41006,2016,8,17,,,0
132,41078,2016,8,17,,,0
133,41359,2016,8,17,,,0
134,41378,2016,8,17,,,0
135,41548,2016,8,17,,,0
136,41668,2016,8,17,,,0
137,41791,2016,8,17,,,0
138,41797,2016,8,17,,,0
139,41807,2016,8,17,,,0
140,41885,2016,8,17,,,0
141,41006,2016,8,18,,,0
142,41078,2016,8,18,,,0
143,41359,2016,8,18,,,0
144,41378,2016,8,18,,,0
145,41548,2016,8,18,,,0
146,41668,2016,8,18,,,1
147,41791,2016,8,18,,,0
148,41797,2016,8,18,,,0
149,41807,2016,8,18,,,0
150,41885,2016,8,18,,,0
151,41006,2016,,,5,2,18
152,41013,2016,,,5,2,17
153,41016,2016,,,5,2,28
154,41020,2016,,,5,2,30
155,41026,2016,,,5,2,7
156,41078,2016,,,5,2,8
157,41132,2016,,,5,2,64
158,41206,2016,,,5,2,4
159,41244,2016,,,5,2,3
160,41298,2016,,,5,2,93
161,41306,2016,,,5,2,38
162,41319,2016,,,5,2,15
163,41349,2016,,,5,2,17
164,41357,2016,,,5,2,11
165,41359,2016,,,5,2,16
166,41378,2016,,,5,2,7
167,41396,2016,,,5,2,50
168,41483,2016,,,5,2,6
169,41001,2016,,,5,2,838
170,41503,2016,,,5,2,2
171,41518,2016,,,5,2,4
172,41524,2016,,,5,2,41
173,41530,2016,,,5,2,2
174,41548,2016,,,5,2,13
175,41551,2016,,,5,2,181
176,41615,2016,,,5,2,28
177,41660,2016,,,5,2,4
178,41668,2016,,,5,2,27
179,41676,2016,,,5,2,8
180,41770,2016,,,5,2,10
181,41791,2016,,,5,2,9
182,41799,2016,,,5,2,10
183,41801,2016,,,5,2,7
184,41797,2016,,,5,2,15
185,41807,2016,,,5,2,18
186,41872,2016,,,5,2,4
187,41885,2016,,,5,2,20
188,41006,2016,,,5,1,13
189,41013,2016,,,5,1,14
190,41016,2016,,,5,1,25
191,41020,2016,,,5,1,41
192,41026,2016,,,5,1,4
193,41078,2016,,,5,1,11
194,41132,2016,,,5,1,84
195,41206,2016,,,5,1,6
196,41244,2016,,,5,1,3
197,41298,2016,,,5,1,98
198,41306,2016,,,5,1,39
199,41319,2016,,,5,1,15
200,41349,2016,,,5,1,12
201,41357,2016,,,5,1,14
202,41359,2016,,,5,1,19
203,41378,2016,,,5,1,13
204,41396,2016,,,5,1,59
205,41483,2016,,,5,1,10
206,41001,2016,,,5,1,828
207,41503,2016,,,5,1,8
208,41518,2016,,,5,1,6
209,41524,2016,,,5,1,39
210,41530,2016,,,5,1,4
211,41548,2016,,,5,1,13
212,41551,2016,,,5,1,142
213,41615,2016,,,5,1,35
214,41660,2016,,,5,1,3
215,41668,2016,,,5,1,28
216,41676,2016,,,5,1,7
217,41770,2016,,,5,1,13
218,41791,2016,,,5,1,22
219,41799,2016,,,5,1,8
220,41801,2016,,,5,1,16
221,41797,2016,,,5,1,11
222,41807,2016,,,5,1,23
223,41872,2016,,,5,1,13
224,41885,2016,,,5,1,18
225,41006,2016,,,4,2,6
226,41013,2016,,,4,2,
227,41016,2016,,,4,2,4
228,41020,2016,,,4,2,3
229,41026,2016,,,4,2,1
230,41078,2016,,,4,2,
231,41132,2016,,,4,2,3
232,41206,2016,,,4,2,
233,41244,2016,,,4,2,3
234,41298,2016,,,4,2,24
235,41306,2016,,,4,2,14
236,41319,2016,,,4,2,4
237,41349,2016,,,4,2,
238,41357,2016,,,4,2,5
239,41359,2016,,,4,2,1
240,41378,2016,,,4,2,
241,41396,2016,,,4,2,11
242,41483,2016,,,4,2,1
243,41001,2016,,,4,2,28
244,41503,2016,,,4,2,3
245,41518,2016,,,4,2,
246,41524,2016,,,4,2,8
247,41530,2016,,,4,2,
248,41548,2016,,,4,2,1
249,41551,2016,,,4,2,41
250,41615,2016,,,4,2,14
251,41660,2016,,,4,2,1
252,41668,2016,,,4,2,5
253,41676,2016,,,4,2,2
254,41770,2016,,,4,2,8
255,41791,2016,,,4,2,6
256,41799,2016,,,4,2,6
257,41801,2016,,,4,2,
258,41797,2016,,,4,2,5
259,41807,2016,,,4,2,13
260,41872,2016,,,4,2,12
261,41885,2016,,,4,2,
262,41006,2016,,,4,1,10
263,41013,2016,,,4,1,
264,41016,2016,,,4,1,6
265,41020,2016,,,4,1,2
266,41026,2016,,,4,1,2
267,41078,2016,,,4,1,
268,41132,2016,,,4,1,9
269,41206,2016,,,4,1,1
270,41244,2016,,,4,1,
271,41298,2016,,,4,1,23
272,41306,2016,,,4,1,16
273,41319,2016,,,4,1,4
274,41349,2016,,,4,1,1
275,41357,2016,,,4,1,1
276,41359,2016,,,4,1,5
277,41378,2016,,,4,1,3
278,41396,2016,,,4,1,13
279,41483,2016,,,4,1,1
280,41001,2016,,,4,1,34
281,41503,2016,,,4,1,1
282,41518,2016,,,4,1,2
283,41524,2016,,,4,1,10
284,41530,2016,,,4,1,
285,41548,2016,,,4,1,
286,41551,2016,,,4,1,43
287,41615,2016,,,4,1,11
288,41660,2016,,,4,1,1
289,41668,2016,,,4,1,6
290,41676,2016,,,4,1,1
291,41770,2016,,,4,1,5
292,41791,2016,,,4,1,10
293,41799,2016,,,4,1,4
294,41801,2016,,,4,1,
295,41797,2016,,,4,1,4
296,41807,2016,,,4,1,16
297,41872,2016,,,4,1,12
298,41885,2016,,,4,1,
299,41006,2016,,,3,2,28
300,41013,2016,,,3,2,4
301,41016,2016,,,3,2,8
302,41020,2016,,,3,2,10
303,41026,2016,,,3,2,1
304,41078,2016,,,3,2,4
305,41132,2016,,,3,2,7
306,41206,2016,,,3,2,8
307,41244,2016,,,3,2,2
308,41298,2016,,,3,2,36
309,41306,2016,,,3,2,12
310,41319,2016,,,3,2,12
311,41349,2016,,,3,2,1
312,41357,2016,,,3,2,6
313,41359,2016,,,3,2,44
314,41378,2016,,,3,2,8
315,41396,2016,,,3,2,41
316,41483,2016,,,3,2,5
317,41001,2016,,,3,2,10
318,41503,2016,,,3,2,10
319,41518,2016,,,3,2,5
320,41524,2016,,,3,2,3
321,41530,2016,,,3,2,16
322,41548,2016,,,3,2,12
323,41551,2016,,,3,2,62
324,41615,2016,,,3,2,5
325,41660,2016,,,3,2,13
326,41668,2016,,,3,2,35
327,41676,2016,,,3,2,6
328,41770,2016,,,3,2,10
329,41791,2016,,,3,2,7
330,41799,2016,,,3,2,6
331,41801,2016,,,3,2,4
332,41797,2016,,,3,2,2
333,41807,2016,,,3,2,14
334,41872,2016,,,3,2,
335,41885,2016,,,3,2,3
336,41006,2016,,,3,1,43
337,41013,2016,,,3,1,4
338,41016,2016,,,3,1,10
339,41020,2016,,,3,1,17
340,41026,2016,,,3,1,3
341,41078,2016,,,3,1,5
342,41132,2016,,,3,1,15
343,41206,2016,,,3,1,10
344,41244,2016,,,3,1,3
345,41298,2016,,,3,1,38
346,41306,2016,,,3,1,20
347,41319,2016,,,3,1,22
348,41349,2016,,,3,1,3
349,41357,2016,,,3,1,8
350,41359,2016,,,3,1,50
351,41378,2016,,,3,1,18
352,41396,2016,,,3,1,44
353,41483,2016,,,3,1,7
354,41001,2016,,,3,1,22
355,41503,2016,,,3,1,8
356,41518,2016,,,3,1,6
357,41524,2016,,,3,1,13
358,41530,2016,,,3,1,20
359,41548,2016,,,3,1,14
360,41551,2016,,,3,1,66
361,41615,2016,,,3,1,7
362,41660,2016,,,3,1,18
363,41668,2016,,,3,1,56
364,41676,2016,,,3,1,9
365,41770,2016,,,3,1,21
366,41791,2016,,,3,1,12
367,41799,2016,,,3,1,7
368,41801,2016,,,3,1,4
369,41797,2016,,,3,1,9
370,41807,2016,,,3,1,16
371,41872,2016,,,3,1,
372,41885,2016,,,3,1,3
373,41006,2015,1,,5,1,0
374,41013,2015,1,,5,1,0
375,41016,2015,1,,5,1,0
376,41020,2015,1,,5,1,0
377,41026,2015,1,,5,1,0
378,41078,2015,1,,5,1,0
379,41132,2015,1,,5,1,1
380,41206,2015,1,,5,1,0
381,41244,2015,1,,5,1,0
382,41298,2015,1,,5,1,17
383,41306,2015,1,,5,1,0
384,41319,2015,1,,5,1,1
385,41349,2015,1,,5,1,0
386,41357,2015,1,,5,1,0
387,41359,2015,1,,5,1,0
388,41378,2015,1,,5,1,1
389,41396,2015,1,,5,1,4
390,41483,2015,1,,5,1,0
391,41001,2015,1,,5,1,55
392,41503,2015,1,,5,1,0
393,41518,2015,1,,5,1,0
394,41524,2015,1,,5,1,0
395,41530,2015,1,,5,1,0
396,41548,2015,1,,5,1,0
397,41551,2015,1,,5,1,22
398,41615,2015,1,,5,1,0
399,41660,2015,1,,5,1,0
400,41668,2015,1,,5,1,0
401,41676,2015,1,,5,1,2
402,41770,2015,1,,5,1,1
403,41791,2015,1,,5,1,0
404,41799,2015,1,,5,1,0
405,41801,2015,1,,5,1,1
406,41797,2015,1,,5,1,0
407,41807,2015,1,,5,1,0
408,41872,2015,1,,5,1,0
409,41885,2015,1,,5,1,0
410,41006,2015,1,,5,2,0
411,41013,2015,1,,5,2,0
412,41016,2015,1,,5,2,0
413,41020,2015,1,,5,2,1
414,41026,2015,1,,5,2,0
415,41078,2015,1,,5,2,0
416,41132,2015,1,,5,2,0
417,41206,2015,1,,5,2,0
418,41244,2015,1,,5,2,0
419,41298,2015,1,,5,2,10
420,41306,2015,1,,5,2,0
421,41319,2015,1,,5,2,0
422,41349,2015,1,,5,2,0
423,41357,2015,1,,5,2,0
424,41359,2015,1,,5,2,0
425,41378,2015,1,,5,2,0
426,41396,2015,1,,5,2,5
427,41483,2015,1,,5,2,0
428,41001,2015,1,,5,2,38
429,41503,2015,1,,5,2,0
430,41518,2015,1,,5,2,0
431,41524,2015,1,,5,2,0
432,41530,2015,1,,5,2,0
433,41548,2015,1,,5,2,1
434,41551,2015,1,,5,2,15
435,41615,2015,1,,5,2,0
436,41660,2015,1,,5,2,0
437,41668,2015,1,,5,2,0
438,41676,2015,1,,5,2,0
439,41770,2015,1,,5,2,0
440,41791,2015,1,,5,2,0
441,41799,2015,1,,5,2,0
442,41801,2015,1,,5,2,0
443,41797,2015,1,,5,2,1
444,41807,2015,1,,5,2,0
445,41872,2015,1,,5,2,0
446,41885,2015,1,,5,2,0
447,41006,2015,1,,5,3,0
448,41013,2015,1,,5,3,0
449,41016,2015,1,,5,3,0
450,41020,2015,1,,5,3,0
451,41026,2015,1,,5,3,0
452,41078,2015,1,,5,3,0
453,41132,2015,1,,5,3,1
454,41206,2015,1,,5,3,0
455,41244,2015,1,,5,3,0
456,41298,2015,1,,5,3,408
457,41306,2015,1,,5,3,0
458,41319,2015,1,,5,3,2
459,41349,2015,1,,5,3,0
460,41357,2015,1,,5,3,0
461,41359,2015,1,,5,3,0
462,41378,2015,1,,5,3,0
463,41396,2015,1,,5,3,144
464,41483,2015,1,,5,3,0
465,41001,2015,1,,5,3,1251
466,41503,2015,1,,5,3,0
467,41518,2015,1,,5,3,0
468,41524,2015,1,,5,3,0
469,41530,2015,1,,5,3,0
470,41548,2015,1,,5,3,0
471,41551,2015,1,,5,3,541
472,41615,2015,1,,5,3,0
473,41660,2015,1,,5,3,0
474,41668,2015,1,,5,3,1
475,41676,2015,1,,5,3,0
476,41770,2015,1,,5,3,1
477,41791,2015,1,,5,3,0
478,41799,2015,1,,5,3,0
479,41801,2015,1,,5,3,0
480,41797,2015,1,,5,3,0
481,41807,2015,1,,5,3,0
482,41872,2015,1,,5,3,0
483,41885,2015,1,,5,3,0
484,41006,2015,1,,4,1,0
485,41013,2015,1,,4,1,0
486,41016,2015,1,,4,1,0
487,41020,2015,1,,4,1,0
488,41026,2015,1,,4,1,0
489,41078,2015,1,,4,1,0
490,41132,2015,1,,4,1,0
491,41206,2015,1,,4,1,0
492,41244,2015,1,,4,1,0
493,41298,2015,1,,4,1,0
494,41306,2015,1,,4,1,0
495,41319,2015,1,,4,1,0
496,41349,2015,1,,4,1,0
497,41357,2015,1,,4,1,0
498,41359,2015,1,,4,1,0
499,41378,2015,1,,4,1,0
500,41396,2015,1,,4,1,0
501,41483,2015,1,,4,1,0
502,41001,2015,1,,4,1,0
503,41503,2015,1,,4,1,0
504,41518,2015,1,,4,1,0
505,41524,2015,1,,4,1,0
506,41530,2015,1,,4,1,0
507,41548,2015,1,,4,1,0
508,41551,2015,1,,4,1,0
509,41615,2015,1,,4,1,0
510,41660,2015,1,,4,1,0
511,41668,2015,1,,4,1,0
512,41676,2015,1,,4,1,0
513,41770,2015,1,,4,1,0
514,41791,2015,1,,4,1,0
515,41799,2015,1,,4,1,0
516,41801,2015,1,,4,1,0
517,41797,2015,1,,4,1,0
518,41807,2015,1,,4,1,0
519,41872,2015,1,,4,1,0
520,41885,2015,1,,4,1,0
521,41006,2015,1,,4,2,0
522,41013,2015,1,,4,2,0
523,41016,2015,1,,4,2,0
524,41020,2015,1,,4,2,0
525,41026,2015,1,,4,2,0
526,41078,2015,1,,4,2,0
527,41132,2015,1,,4,2,0
528,41206,2015,1,,4,2,0
529,41244,2015,1,,4,2,0
530,41298,2015,1,,4,2,0
531,41306,2015,1,,4,2,0
532,41319,2015,1,,4,2,0
533,41349,2015,1,,4,2,0
534,41357,2015,1,,4,2,0
535,41359,2015,1,,4,2,0
536,41378,2015,1,,4,2,0
537,41396,2015,1,,4,2,0
538,41483,2015,1,,4,2,0
539,41001,2015,1,,4,2,0
540,41503,2015,1,,4,2,0
541,41518,2015,1,,4,2,0
542,41524,2015,1,,4,2,0
543,41530,2015,1,,4,2,0
544,41548,2015,1,,4,2,0
545,41551,2015,1,,4,2,0
546,41615,2015,1,,4,2,0
547,41660,2015,1,,4,2,0
548,41668,2015,1,,4,2,0
549,41676,2015,1,,4,2,0
550,41770,2015,1,,4,2,0
551,41791,2015,1,,4,2,0
552,41799,2015,1,,4,2,0
553,41801,2015,1,,4,2,0
554,41797,2015,1,,4,2,0
555,41807,2015,1,,4,2,0
556,41872,2015,1,,4,2,0
557,41885,2015,1,,4,2,0
558,41006,2015,1,,4,3,0
559,41013,2015,1,,4,3,0
560,41016,2015,1,,4,3,0
561,41020,2015,1,,4,3,0
562,41026,2015,1,,4,3,0
563,41078,2015,1,,4,3,0
564,41132,2015,1,,4,3,0
565,41206,2015,1,,4,3,0
566,41244,2015,1,,4,3,0
567,41298,2015,1,,4,3,1
568,41306,2015,1,,4,3,0
569,41319,2015,1,,4,3,0
570,41349,2015,1,,4,3,0
571,41357,2015,1,,4,3,0
572,41359,2015,1,,4,3,0
573,41378,2015,1,,4,3,0
574,41396,2015,1,,4,3,0
575,41483,2015,1,,4,3,0
576,41001,2015,1,,4,3,0
577,41503,2015,1,,4,3,0
578,41518,2015,1,,4,3,0
579,41524,2015,1,,4,3,0
580,41530,2015,1,,4,3,0
581,41548,2015,1,,4,3,0
582,41551,2015,1,,4,3,0
583,41615,2015,1,,4,3,0
584,41660,2015,1,,4,3,0
585,41668,2015,1,,4,3,0
586,41676,2015,1,,4,3,0
587,41770,2015,1,,4,3,0
588,41791,2015,1,,4,3,0
589,41799,2015,1,,4,3,0
590,41801,2015,1,,4,3,0
591,41797,2015,1,,4,3,0
592,41807,2015,1,,4,3,0
593,41872,2015,1,,4,3,0
594,41885,2015,1,,4,3,0
595,41006,2015,1,,3,1,0
596,41013,2015,1,,3,1,0
597,41016,2015,1,,3,1,0
598,41020,2015,1,,3,1,0
599,41026,2015,1,,3,1,0
600,41078,2015,1,,3,1,0
601,41132,2015,1,,3,1,0
602,41206,2015,1,,3,1,0
603,41244,2015,1,,3,1,0
604,41298,2015,1,,3,1,0
605,41306,2015,1,,3,1,0
606,41319,2015,1,,3,1,0
607,41349,2015,1,,3,1,0
608,41357,2015,1,,3,1,0
609,41359,2015,1,,3,1,0
610,41378,2015,1,,3,1,0
611,41396,2015,1,,3,1,1
612,41483,2015,1,,3,1,0
613,41001,2015,1,,3,1,1
614,41503,2015,1,,3,1,0
615,41518,2015,1,,3,1,0
616,41524,2015,1,,3,1,0
617,41530,2015,1,,3,1,0
618,41548,2015,1,,3,1,0
619,41551,2015,1,,3,1,0
620,41615,2015,1,,3,1,0
621,41660,2015,1,,3,1,0
622,41668,2015,1,,3,1,0
623,41676,2015,1,,3,1,0
624,41770,2015,1,,3,1,0
625,41791,2015,1,,3,1,0
626,41799,2015,1,,3,1,0
627,41801,2015,1,,3,1,0
628,41797,2015,1,,3,1,0
629,41807,2015,1,,3,1,0
630,41872,2015,1,,3,1,0
631,41885,2015,1,,3,1,0
632,41006,2015,1,,3,2,0
633,41013,2015,1,,3,2,1
634,41016,2015,1,,3,2,0
635,41020,2015,1,,3,2,0
636,41026,2015,1,,3,2,0
637,41078,2015,1,,3,2,0
638,41132,2015,1,,3,2,0
639,41206,2015,1,,3,2,0
640,41244,2015,1,,3,2,0
641,41298,2015,1,,3,2,1
642,41306,2015,1,,3,2,0
643,41319,2015,1,,3,2,0
644,41349,2015,1,,3,2,0
645,41357,2015,1,,3,2,1
646,41359,2015,1,,3,2,0
647,41378,2015,1,,3,2,0
648,41396,2015,1,,3,2,0
649,41483,2015,1,,3,2,0
650,41001,2015,1,,3,2,0
651,41503,2015,1,,3,2,0
652,41518,2015,1,,3,2,0
653,41524,2015,1,,3,2,0
654,41530,2015,1,,3,2,0
655,41548,2015,1,,3,2,0
656,41551,2015,1,,3,2,0
657,41615,2015,1,,3,2,0
658,41660,2015,1,,3,2,0
659,41668,2015,1,,3,2,0
660,41676,2015,1,,3,2,0
661,41770,2015,1,,3,2,0
662,41791,2015,1,,3,2,0
663,41799,2015,1,,3,2,0
664,41801,2015,1,,3,2,1
665,41797,2015,1,,3,2,0
666,41807,2015,1,,3,2,0
667,41872,2015,1,,3,2,0
668,41885,2015,1,,3,2,0
669,41006,2015,1,,3,3,0
670,41013,2015,1,,3,3,0
671,41016,2015,1,,3,3,0
672,41020,2015,1,,3,3,0
673,41026,2015,1,,3,3,0
674,41078,2015,1,,3,3,0
675,41132,2015,1,,3,3,0
676,41206,2015,1,,3,3,0
677,41244,2015,1,,3,3,0
678,41298,2015,1,,3,3,1
679,41306,2015,1,,3,3,0
680,41319,2015,1,,3,3,0
681,41349,2015,1,,3,3,0
682,41357,2015,1,,3,3,0
683,41359,2015,1,,3,3,1
684,41378,2015,1,,3,3,0
685,41396,2015,1,,3,3,0
686,41483,2015,1,,3,3,0
687,41001,2015,1,,3,3,0
688,41503,2015,1,,3,3,0
689,41518,2015,1,,3,3,0
690,41524,2015,1,,3,3,0
691,41530,2015,1,,3,3,0
692,41548,2015,1,,3,3,0
693,41551,2015,1,,3,3,1
694,41615,2015,1,,3,3,0
695,41660,2015,1,,3,3,0
696,41668,2015,1,,3,3,0
697,41676,2015,1,,3,3,0
698,41770,2015,1,,3,3,0
699,41791,2015,1,,3,3,0
700,41799,2015,1,,3,3,0
701,41801,2015,1,,3,3,0
702,41797,2015,1,,3,3,0
703,41807,2015,1,,3,3,0
704,41872,2015,1,,3,3,0
705,41885,2015,1,,3,3,0
706,41006,2015,,,5,2,2
707,41013,2015,,,5,2,14
708,41016,2015,,,5,2,21
709,41020,2015,,,5,2,15
710,41026,2015,,,5,2,0
711,41078,2015,,,5,2,8
712,41132,2015,,,5,2,33
713,41206,2015,,,5,2,3
714,41244,2015,,,5,2,1
715,41298,2015,,,5,2,126
716,41306,2015,,,5,2,29
717,41319,2015,,,5,2,20
718,41349,2015,,,5,2,15
719,41357,2015,,,5,2,10
720,41359,2015,,,5,2,9
721,41378,2015,,,5,2,8
722,41396,2015,,,5,2,76
723,41483,2015,,,5,2,8
724,41001,2015,,,5,2,1427
725,41503,2015,,,5,2,2
726,41518,2015,,,5,2,3
727,41524,2015,,,5,2,16
728,41530,2015,,,5,2,1
729,41548,2015,,,5,2,9
730,41551,2015,,,5,2,275
731,41615,2015,,,5,2,27
732,41660,2015,,,5,2,2
733,41668,2015,,,5,2,16
734,41676,2015,,,5,2,9
735,41770,2015,,,5,2,5
736,41791,2015,,,5,2,7
737,41799,2015,,,5,2,10
738,41801,2015,,,5,2,13
739,41797,2015,,,5,2,16
740,41807,2015,,,5,2,12
741,41872,2015,,,5,2,14
742,41885,2015,,,5,2,17
743,41006,2015,,,5,1,16
744,41013,2015,,,5,1,13
745,41016,2015,,,5,1,11
746,41020,2015,,,5,1,23
747,41026,2015,,,5,1,0
748,41078,2015,,,5,1,11
749,41132,2015,,,5,1,60
750,41206,2015,,,5,1,9
751,41244,2015,,,5,1,0
752,41298,2015,,,5,1,144
753,41306,2015,,,5,1,34
754,41319,2015,,,5,1,30
755,41349,2015,,,5,1,12
756,41357,2015,,,5,1,8
757,41359,2015,,,5,1,7
758,41378,2015,,,5,1,6
759,41396,2015,,,5,1,62
760,41483,2015,,,5,1,5
761,41001,2015,,,5,1,1545
762,41503,2015,,,5,1,4
763,41518,2015,,,5,1,4
764,41524,2015,,,5,1,27
765,41530,2015,,,5,1,2
766,41548,2015,,,5,1,10
767,41551,2015,,,5,1,275
768,41615,2015,,,5,1,35
769,41660,2015,,,5,1,6
770,41668,2015,,,5,1,16
771,41676,2015,,,5,1,15
772,41770,2015,,,5,1,11
773,41791,2015,,,5,1,14
774,41799,2015,,,5,1,10
775,41801,2015,,,5,1,11
776,41797,2015,,,5,1,13
777,41807,2015,,,5,1,15
778,41872,2015,,,5,1,3
779,41885,2015,,,5,1,14
780,41006,2015,,,5,3,0
781,41013,2015,,,5,3,0
782,41016,2015,,,5,3,0
783,41020,2015,,,5,3,0
784,41026,2015,,,5,3,0
785,41078,2015,,,5,3,0
786,41132,2015,,,5,3,1
787,41206,2015,,,5,3,0
788,41244,2015,,,5,3,0
789,41298,2015,,,5,3,409
790,41306,2015,,,5,3,0
791,41319,2015,,,5,3,2
792,41349,2015,,,5,3,0
793,41357,2015,,,5,3,0
794,41359,2015,,,5,3,0
795,41378,2015,,,5,3,1
796,41396,2015,,,5,3,147
797,41483,2015,,,5,3,0
798,41001,2015,,,5,3,1275
799,41503,2015,,,5,3,0
800,41518,2015,,,5,3,0
801,41524,2015,,,5,3,0
802,41530,2015,,,5,3,0
803,41548,2015,,,5,3,0
804,41551,2015,,,5,3,548
805,41615,2015,,,5,3,0
806,41660,2015,,,5,3,0
807,41668,2015,,,5,3,1
808,41676,2015,,,5,3,0
809,41770,2015,,,5,3,1
810,41791,2015,,,5,3,0
811,41799,2015,,,5,3,0
812,41801,2015,,,5,3,0
813,41797,2015,,,5,3,0
814,41807,2015,,,5,3,0
815,41872,2015,,,5,3,0
816,41885,2015,,,5,3,0
817,41006,2015,,,4,2,5
818,41013,2015,,,4,2,0
819,41016,2015,,,4,2,4
820,41020,2015,,,4,2,0
821,41026,2015,,,4,2,0
822,41078,2015,,,4,2,0
823,41132,2015,,,4,2,2
824,41206,2015,,,4,2,0
825,41244,2015,,,4,2,0
826,41298,2015,,,4,2,9
827,41306,2015,,,4,2,6
828,41319,2015,,,4,2,1
829,41349,2015,,,4,2,0
830,41357,2015,,,4,2,1
831,41359,2015,,,4,2,2
832,41378,2015,,,4,2,1
833,41396,2015,,,4,2,7
834,41483,2015,,,4,2,0
835,41001,2015,,,4,2,9
836,41503,2015,,,4,2,1
837,41518,2015,,,4,2,0
838,41524,2015,,,4,2,3
839,41530,2015,,,4,2,0
840,41548,2015,,,4,2,0
841,41551,2015,,,4,2,9
842,41615,2015,,,4,2,2
843,41660,2015,,,4,2,0
844,41668,2015,,,4,2,5
845,41676,2015,,,4,2,0
846,41770,2015,,,4,2,4
847,41791,2015,,,4,2,5
848,41799,2015,,,4,2,0
849,41801,2015,,,4,2,0
850,41797,2015,,,4,2,5
851,41807,2015,,,4,2,4
852,41872,2015,,,4,2,8
853,41885,2015,,,4,2,0
854,41006,2015,,,4,1,7
855,41013,2015,,,4,1,1
856,41016,2015,,,4,1,6
857,41020,2015,,,4,1,0
858,41026,2015,,,4,1,0
859,41078,2015,,,4,1,0
860,41132,2015,,,4,1,4
861,41206,2015,,,4,1,0
862,41244,2015,,,4,1,0
863,41298,2015,,,4,1,7
864,41306,2015,,,4,1,11
865,41319,2015,,,4,1,0
866,41349,2015,,,4,1,0
867,41357,2015,,,4,1,4
868,41359,2015,,,4,1,2
869,41378,2015,,,4,1,2
870,41396,2015,,,4,1,5
871,41483,2015,,,4,1,0
872,41001,2015,,,4,1,10
873,41503,2015,,,4,1,2
874,41518,2015,,,4,1,0
875,41524,2015,,,4,1,6
876,41530,2015,,,4,1,0
877,41548,2015,,,4,1,0
878,41551,2015,,,4,1,17
879,41615,2015,,,4,1,1
880,41660,2015,,,4,1,0
881,41668,2015,,,4,1,6
882,41676,2015,,,4,1,0
883,41770,2015,,,4,1,6
884,41791,2015,,,4,1,9
885,41799,2015,,,4,1,2
886,41801,2015,,,4,1,0
887,41797,2015,,,4,1,4
888,41807,2015,,,4,1,8
889,41872,2015,,,4,1,4
890,41885,2015,,,4,1,0
891,41006,2015,,,4,3,0
892,41013,2015,,,4,3,0
893,41016,2015,,,4,3,0
894,41020,2015,,,4,3,0
895,41026,2015,,,4,3,0
896,41078,2015,,,4,3,0
897,41132,2015,,,4,3,0
898,41206,2015,,,4,3,0
899,41244,2015,,,4,3,0
900,41298,2015,,,4,3,1
901,41306,2015,,,4,3,0
902,41319,2015,,,4,3,0
903,41349,2015,,,4,3,0
904,41357,2015,,,4,3,0
905,41359,2015,,,4,3,0
906,41378,2015,,,4,3,0
907,41396,2015,,,4,3,0
908,41483,2015,,,4,3,0
909,41001,2015,,,4,3,0
910,41503,2015,,,4,3,0
911,41518,2015,,,4,3,0
912,41524,2015,,,4,3,0
913,41530,2015,,,4,3,0
914,41548,2015,,,4,3,0
915,41551,2015,,,4,3,1
916,41615,2015,,,4,3,0
917,41660,2015,,,4,3,0
918,41668,2015,,,4,3,0
919,41676,2015,,,4,3,0
920,41770,2015,,,4,3,0
921,41791,2015,,,4,3,0
922,41799,2015,,,4,3,0
923,41801,2015,,,4,3,0
924,41797,2015,,,4,3,0
925,41807,2015,,,4,3,0
926,41872,2015,,,4,3,0
927,41885,2015,,,4,3,0
928,41006,2015,,,3,2,7
929,41013,2015,,,3,2,1
930,41016,2015,,,3,2,4
931,41020,2015,,,3,2,7
932,41026,2015,,,3,2,0
933,41078,2015,,,3,2,3
934,41132,2015,,,3,2,2
935,41206,2015,,,3,2,4
936,41244,2015,,,3,2,1
937,41298,2015,,,3,2,16
938,41306,2015,,,3,2,4
939,41319,2015,,,3,2,5
940,41349,2015,,,3,2,2
941,41357,2015,,,3,2,2
942,41359,2015,,,3,2,14
943,41378,2015,,,3,2,6
944,41396,2015,,,3,2,14
945,41483,2015,,,3,2,1
946,41001,2015,,,3,2,8
947,41503,2015,,,3,2,8
948,41518,2015,,,3,2,0
949,41524,2015,,,3,2,2
950,41530,2015,,,3,2,3
951,41548,2015,,,3,2,3
952,41551,2015,,,3,2,30
953,41615,2015,,,3,2,1
954,41660,2015,,,3,2,8
955,41668,2015,,,3,2,27
956,41676,2015,,,3,2,5
957,41770,2015,,,3,2,7
958,41791,2015,,,3,2,6
959,41799,2015,,,3,2,2
960,41801,2015,,,3,2,3
961,41797,2015,,,3,2,3
962,41807,2015,,,3,2,6
963,41872,2015,,,3,2,1
964,41885,2015,,,3,2,2
965,41006,2015,,,3,1,23
966,41013,2015,,,3,1,3
967,41016,2015,,,3,1,6
968,41020,2015,,,3,1,12
969,41026,2015,,,3,1,1
970,41078,2015,,,3,1,6
971,41132,2015,,,3,1,4
972,41206,2015,,,3,1,13
973,41244,2015,,,3,1,1
974,41298,2015,,,3,1,36
975,41306,2015,,,3,1,7
976,41319,2015,,,3,1,10
977,41349,2015,,,3,1,3
978,41357,2015,,,3,1,6
979,41359,2015,,,3,1,31
980,41378,2015,,,3,1,11
981,41396,2015,,,3,1,33
982,41483,2015,,,3,1,2
983,41001,2015,,,3,1,17
984,41503,2015,,,3,1,8
985,41518,2015,,,3,1,2
986,41524,2015,,,3,1,10
987,41530,2015,,,3,1,9
988,41548,2015,,,3,1,6
989,41551,2015,,,3,1,44
990,41615,2015,,,3,1,4
991,41660,2015,,,3,1,10
992,41668,2015,,,3,1,35
993,41676,2015,,,3,1,6
994,41770,2015,,,3,1,18
995,41791,2015,,,3,1,8
996,41799,2015,,,3,1,1
997,41801,2015,,,3,1,9
998,41797,2015,,,3,1,6
999,41807,2015,,,3,1,10
1000,41872,2015,,,3,1,1
1001,41885,2015,,,3,1,0
1002,41006,2015,,,3,3,0
1003,41013,2015,,,3,3,0
1004,41016,2015,,,3,3,0
1005,41020,2015,,,3,3,0
1006,41026,2015,,,3,3,0
1007,41078,2015,,,3,3,0
1008,41132,2015,,,3,3,0
1009,41206,2015,,,3,3,0
1010,41244,2015,,,3,3,0
1011,41298,2015,,,3,3,1
1012,41306,2015,,,3,3,0
1013,41319,2015,,,3,3,0
1014,41349,2015,,,3,3,0
1015,41357,2015,,,3,3,1
1016,41359,2015,,,3,3,1
1017,41378,2015,,,3,3,0
1018,41396,2015,,,3,3,0
1019,41483,2015,,,3,3,0
1020,41001,2015,,,3,3,1
1021,41503,2015,,,3,3,0
1022,41518,2015,,,3,3,0
1023,41524,2015,,,3,3,0
1024,41530,2015,,,3,3,0
1025,41548,2015,,,3,3,0
1026,41551,2015,,,3,3,1
1027,41615,2015,,,3,3,0
1028,41660,2015,,,3,3,0
1029,41668,2015,,,3,3,0
1030,41676,2015,,,3,3,0
1031,41770,2015,,,3,3,0
1032,41791,2015,,,3,3,0
1033,41799,2015,,,3,3,0
1034,41801,2015,,,3,3,0
1035,41797,2015,,,3,3,0
1036,41807,2015,,,3,3,0
1037,41872,2015,,,3,3,0
1038,41885,2015,,,3,3,0
1039,41006,2014,1,19,,,4
1040,41013,2014,1,19,,,2
1041,41016,2014,1,19,,,0
1042,41020,2014,1,19,,,2
1043,41026,2014,1,19,,,0
1044,41078,2014,1,19,,,0
1045,41132,2014,1,19,,,6
1046,41206,2014,1,19,,,0
1047,41244,2014,1,19,,,1
1048,41298,2014,1,19,,,27
1049,41306,2014,1,19,,,1
1050,41319,2014,1,19,,,2
1051,41349,2014,1,19,,,0
1052,41357,2014,1,19,,,0
1053,41359,2014,1,19,,,7
1054,41378,2014,1,19,,,5
1055,41396,2014,1,19,,,22
1056,41483,2014,1,19,,,2
1057,41001,2014,1,19,,,66
1058,41503,2014,1,19,,,2
1059,41518,2014,1,19,,,1
1060,41524,2014,1,19,,,1
1061,41530,2014,1,19,,,4
1062,41548,2014,1,19,,,3
1063,41551,2014,1,19,,,40
1064,41615,2014,1,19,,,0
1065,41660,2014,1,19,,,1
1066,41668,2014,1,19,,,5
1067,41676,2014,1,19,,,0
1068,41770,2014,1,19,,,4
1069,41791,2014,1,19,,,6
1070,41799,2014,1,19,,,2
1071,41801,2014,1,19,,,1
1072,41797,2014,1,19,,,0
1073,41807,2014,1,19,,,8
1074,41872,2014,1,19,,,0
1075,41885,2014,1,19,,,1
1076,41006,2014,1,20,,,27
1077,41013,2014,1,20,,,11
1078,41016,2014,1,20,,,19
1079,41020,2014,1,20,,,23
1080,41026,2014,1,20,,,3
1081,41078,2014,1,20,,,2
1082,41132,2014,1,20,,,33
1083,41206,2014,1,20,,,1
1084,41244,2014,1,20,,,8
1085,41298,2014,1,20,,,138
1086,41306,2014,1,20,,,24
1087,41319,2014,1,20,,,21
1088,41349,2014,1,20,,,6
1089,41357,2014,1,20,,,13
1090,41359,2014,1,20,,,29
1091,41378,2014,1,20,,,14
1092,41396,2014,1,20,,,72
1093,41483,2014,1,20,,,7
1094,41001,2014,1,20,,,733
1095,41503,2014,1,20,,,14
1096,41518,2014,1,20,,,7
1097,41524,2014,1,20,,,28
1098,41530,2014,1,20,,,11
1099,41548,2014,1,20,,,8
1100,41551,2014,1,20,,,180
1101,41615,2014,1,20,,,18
1102,41660,2014,1,20,,,15
1103,41668,2014,1,20,,,32
1104,41676,2014,1,20,,,15
1105,41770,2014,1,20,,,17
1106,41791,2014,1,20,,,15
1107,41799,2014,1,20,,,9
1108,41801,2014,1,20,,,5
1109,41797,2014,1,20,,,5
1110,41807,2014,1,20,,,24
1111,41872,2014,1,20,,,7
1112,41885,2014,1,20,,,4
1113,41006,2014,1,21,,,13
1114,41013,2014,1,21,,,5
1115,41016,2014,1,21,,,6
1116,41020,2014,1,21,,,0
1117,41026,2014,1,21,,,0
1118,41078,2014,1,21,,,2
1119,41132,2014,1,21,,,7
1120,41206,2014,1,21,,,2
1121,41244,2014,1,21,,,1
1122,41298,2014,1,21,,,20
1123,41306,2014,1,21,,,10
1124,41319,2014,1,21,,,6
1125,41349,2014,1,21,,,3
1126,41357,2014,1,21,,,1
1127,41359,2014,1,21,,,7
1128,41378,2014,1,21,,,4
1129,41396,2014,1,21,,,18
1130,41483,2014,1,21,,,1
1131,41001,2014,1,21,,,108
1132,41503,2014,1,21,,,5
1133,41518,2014,1,21,,,1
1134,41524,2014,1,21,,,5
1135,41530,2014,1,21,,,6
1136,41548,2014,1,21,,,11
1137,41551,2014,1,21,,,40
1138,41615,2014,1,21,,,2
1139,41660,2014,1,21,,,4
1140,41668,2014,1,21,,,9
1141,41676,2014,1,21,,,0
1142,41770,2014,1,21,,,9
1143,41791,2014,1,21,,,6
1144,41799,2014,1,21,,,1
1145,41801,2014,1,21,,,3
1146,41797,2014,1,21,,,5
1147,41807,2014,1,21,,,7
1148,41872,2014,1,21,,,0
1149,41885,2014,1,21,,,1
1150,41006,2014,1,22,,,4
1151,41013,2014,1,22,,,2
1152,41016,2014,1,22,,,3
1153,41020,2014,1,22,,,2
1154,41026,2014,1,22,,,1
1155,41078,2014,1,22,,,0
1156,41132,2014,1,22,,,3
1157,41206,2014,1,22,,,1
1158,41244,2014,1,22,,,1
1159,41298,2014,1,22,,,7
1160,41306,2014,1,22,,,2
1161,41319,2014,1,22,,,3
1162,41349,2014,1,22,,,3
1163,41357,2014,1,22,,,0
1164,41359,2014,1,22,,,2
1165,41378,2014,1,22,,,1
1166,41396,2014,1,22,,,3
1167,41483,2014,1,22,,,1
1168,41001,2014,1,22,,,37
1169,41503,2014,1,22,,,3
1170,41518,2014,1,22,,,0
1171,41524,2014,1,22,,,6
1172,41530,2014,1,22,,,2
1173,41548,2014,1,22,,,1
1174,41551,2014,1,22,,,20
1175,41615,2014,1,22,,,1
1176,41660,2014,1,22,,,2
1177,41668,2014,1,22,,,4
1178,41676,2014,1,22,,,0
1179,41770,2014,1,22,,,1
1180,41791,2014,1,22,,,3
1181,41799,2014,1,22,,,2
1182,41801,2014,1,22,,,0
1183,41797,2014,1,22,,,2
1184,41807,2014,1,22,,,3
1185,41872,2014,1,22,,,0
1186,41885,2014,1,22,,,2
1187,41006,2014,1,23,,,0
1188,41013,2014,1,23,,,0
1189,41016,2014,1,23,,,1
1190,41020,2014,1,23,,,2
1191,41026,2014,1,23,,,0
1192,41078,2014,1,23,,,0
1193,41132,2014,1,23,,,1
1194,41206,2014,1,23,,,0
1195,41244,2014,1,23,,,0
1196,41298,2014,1,23,,,2
1197,41306,2014,1,23,,,2
1198,41319,2014,1,23,,,0
1199,41349,2014,1,23,,,1
1200,41357,2014,1,23,,,0
1201,41359,2014,1,23,,,0
1202,41378,2014,1,23,,,2
1203,41396,2014,1,23,,,4
1204,41483,2014,1,23,,,1
1205,41001,2014,1,23,,,15
1206,41503,2014,1,23,,,0
1207,41518,2014,1,23,,,0
1208,41524,2014,1,23,,,2
1209,41530,2014,1,23,,,0
1210,41548,2014,1,23,,,0
1211,41551,2014,1,23,,,10
1212,41615,2014,1,23,,,0
1213,41660,2014,1,23,,,1
1214,41668,2014,1,23,,,2
1215,41676,2014,1,23,,,1
1216,41770,2014,1,23,,,1
1217,41791,2014,1,23,,,1
1218,41799,2014,1,23,,,0
1219,41801,2014,1,23,,,0
1220,41797,2014,1,23,,,0
1221,41807,2014,1,23,,,1
1222,41872,2014,1,23,,,0
1223,41885,2014,1,23,,,0
1224,41006,2014,1,24,,,0
1225,41013,2014,1,24,,,0
1226,41016,2014,1,24,,,0
1227,41020,2014,1,24,,,0
1228,41026,2014,1,24,,,0
1229,41078,2014,1,24,,,0
1230,41132,2014,1,24,,,0
1231,41206,2014,1,24,,,0
1232,41244,2014,1,24,,,0
1233,41298,2014,1,24,,,1
1234,41306,2014,1,24,,,0
1235,41319,2014,1,24,,,1
1236,41349,2014,1,24,,,0
1237,41357,2014,1,24,,,1
1238,41359,2014,1,24,,,0
1239,41378,2014,1,24,,,0
1240,41396,2014,1,24,,,2
1241,41483,2014,1,24,,,0
1242,41001,2014,1,24,,,11
1243,41503,2014,1,24,,,0
1244,41518,2014,1,24,,,0
1245,41524,2014,1,24,,,0
1246,41530,2014,1,24,,,0
1247,41548,2014,1,24,,,0
1248,41551,2014,1,24,,,4
1249,41615,2014,1,24,,,2
1250,41660,2014,1,24,,,1
1251,41668,2014,1,24,,,0
1252,41676,2014,1,24,,,0
1253,41770,2014,1,24,,,2
1254,41791,2014,1,24,,,1
1255,41799,2014,1,24,,,1
1256,41801,2014,1,24,,,0
1257,41797,2014,1,24,,,1
1258,41807,2014,1,24,,,0
1259,41872,2014,1,24,,,0
1260,41885,2014,1,24,,,1
1261,41006,2014,1,25,,,1
1262,41013,2014,1,25,,,1
1263,41016,2014,1,25,,,0
1264,41020,2014,1,25,,,3
1265,41026,2014,1,25,,,0
1266,41078,2014,1,25,,,0
1267,41132,2014,1,25,,,2
1268,41206,2014,1,25,,,0
1269,41244,2014,1,25,,,0
1270,41298,2014,1,25,,,0
1271,41306,2014,1,25,,,0
1272,41319,2014,1,25,,,2
1273,41349,2014,1,25,,,1
1274,41357,2014,1,25,,,0
1275,41359,2014,1,25,,,0
1276,41378,2014,1,25,,,1
1277,41396,2014,1,25,,,2
1278,41483,2014,1,25,,,0
1279,41001,2014,1,25,,,12
1280,41503,2014,1,25,,,0
1281,41518,2014,1,25,,,0
1282,41524,2014,1,25,,,1
1283,41530,2014,1,25,,,0
1284,41548,2014,1,25,,,1
1285,41551,2014,1,25,,,1
1286,41615,2014,1,25,,,0
1287,41660,2014,1,25,,,1
1288,41668,2014,1,25,,,0
1289,41676,2014,1,25,,,1
1290,41770,2014,1,25,,,0
1291,41791,2014,1,25,,,0
1292,41799,2014,1,25,,,1
1293,41801,2014,1,25,,,0
1294,41797,2014,1,25,,,0
1295,41807,2014,1,25,,,1
1296,41872,2014,1,25,,,0
1297,41885,2014,1,25,,,0
1298,41006,2014,1,26,,,5
1299,41013,2014,1,26,,,0
1300,41016,2014,1,26,,,1
1301,41020,2014,1,26,,,1
1302,41026,2014,1,26,,,1
1303,41078,2014,1,26,,,0
1304,41132,2014,1,26,,,4
1305,41206,2014,1,26,,,0
1306,41244,2014,1,26,,,0
1307,41298,2014,1,26,,,1
1308,41306,2014,1,26,,,2
1309,41319,2014,1,26,,,0
1310,41349,2014,1,26,,,0
1311,41357,2014,1,26,,,0
1312,41359,2014,1,26,,,2
1313,41378,2014,1,26,,,0
1314,41396,2014,1,26,,,3
1315,41483,2014,1,26,,,1
1316,41001,2014,1,26,,,7
1317,41503,2014,1,26,,,1
1318,41518,2014,1,26,,,1
1319,41524,2014,1,26,,,0
1320,41530,2014,1,26,,,0
1321,41548,2014,1,26,,,0
1322,41551,2014,1,26,,,4
1323,41615,2014,1,26,,,1
1324,41660,2014,1,26,,,0
1325,41668,2014,1,26,,,1
1326,41676,2014,1,26,,,0
1327,41770,2014,1,26,,,0
1328,41791,2014,1,26,,,2
1329,41799,2014,1,26,,,1
1330,41801,2014,1,26,,,0
1331,41797,2014,1,26,,,0
1332,41807,2014,1,26,,,1
1333,41872,2014,1,26,,,1
1334,41885,2014,1,26,,,0
1335,41006,2014,1,27,,,0
1336,41013,2014,1,27,,,0
1337,41016,2014,1,27,,,0
1338,41020,2014,1,27,,,1
1339,41026,2014,1,27,,,0
1340,41078,2014,1,27,,,0
1341,41132,2014,1,27,,,0
1342,41206,2014,1,27,,,0
1343,41244,2014,1,27,,,0
1344,41298,2014,1,27,,,0
1345,41306,2014,1,27,,,0
1346,41319,2014,1,27,,,0
1347,41349,2014,1,27,,,0
1348,41357,2014,1,27,,,0
1349,41359,2014,1,27,,,0
1350,41378,2014,1,27,,,0
1351,41396,2014,1,27,,,0
1352,41483,2014,1,27,,,0
1353,41001,2014,1,27,,,0
1354,41503,2014,1,27,,,0
1355,41518,2014,1,27,,,0
1356,41524,2014,1,27,,,0
1357,41530,2014,1,27,,,0
1358,41548,2014,1,27,,,0
1359,41551,2014,1,27,,,0
1360,41615,2014,1,27,,,0
1361,41660,2014,1,27,,,0
1362,41668,2014,1,27,,,0
1363,41676,2014,1,27,,,0
1364,41770,2014,1,27,,,0
1365,41791,2014,1,27,,,0
1366,41799,2014,1,27,,,0
1367,41801,2014,1,27,,,0
1368,41797,2014,1,27,,,0
1369,41807,2014,1,27,,,0
1370,41872,2014,1,27,,,0
1371,41885,2014,1,27,,,0
1372,41006,2014,1,28,,,0
1373,41013,2014,1,28,,,3
1374,41016,2014,1,28,,,2
1375,41020,2014,1,28,,,1
1376,41026,2014,1,28,,,0
1377,41078,2014,1,28,,,0
1378,41132,2014,1,28,,,2
1379,41206,2014,1,28,,,1
1380,41244,2014,1,28,,,0
1381,41298,2014,1,28,,,59
1382,41306,2014,1,28,,,24
1383,41319,2014,1,28,,,13
1384,41349,2014,1,28,,,1
1385,41357,2014,1,28,,,0
1386,41359,2014,1,28,,,0
1387,41378,2014,1,28,,,1
1388,41396,2014,1,28,,,11
1389,41483,2014,1,28,,,0
1390,41001,2014,1,28,,,45
1391,41503,2014,1,28,,,0
1392,41518,2014,1,28,,,0
1393,41524,2014,1,28,,,0
1394,41530,2014,1,28,,,1
1395,41548,2014,1,28,,,9
1396,41551,2014,1,28,,,0
1397,41615,2014,1,28,,,1
1398,41660,2014,1,28,,,0
1399,41668,2014,1,28,,,1
1400,41676,2014,1,28,,,2
1401,41770,2014,1,28,,,13
1402,41791,2014,1,28,,,11
1403,41799,2014,1,28,,,2
1404,41801,2014,1,28,,,1
1405,41797,2014,1,28,,,1
1406,41807,2014,1,28,,,0
1407,41872,2014,1,28,,,0
1408,41885,2014,1,28,,,0
1409,41006,2014,,,5,2,5
1410,41013,2014,,,5,2,26
1411,41016,2014,,,5,2,21
1412,41020,2014,,,5,2,28
1413,41026,2014,,,5,2,6
1414,41078,2014,,,5,2,12
1415,41132,2014,,,5,2,71
1416,41206,2014,,,5,2,9
1417,41244,2014,,,5,2,10
1418,41298,2014,,,5,2,69
1419,41306,2014,,,5,2,24
1420,41319,2014,,,5,2,15
1421,41349,2014,,,5,2,18
1422,41357,2014,,,5,2,8
1423,41359,2014,,,5,2,11
1424,41378,2014,,,5,2,6
1425,41396,2014,,,5,2,52
1426,41483,2014,,,5,2,5
1427,41001,2014,,,5,2,842
1428,41503,2014,,,5,2,4
1429,41518,2014,,,5,2,3
1430,41524,2014,,,5,2,26
1431,41530,2014,,,5,2,3
1432,41548,2014,,,5,2,7
1433,41551,2014,,,5,2,156
1434,41615,2014,,,5,2,28
1435,41660,2014,,,5,2,7
1436,41668,2014,,,5,2,14
1437,41676,2014,,,5,2,9
1438,41770,2014,,,5,2,11
1439,41791,2014,,,5,2,15
1440,41799,2014,,,5,2,8
1441,41801,2014,,,5,2,12
1442,41797,2014,,,5,2,12
1443,41807,2014,,,5,2,15
1444,41872,2014,,,5,2,3
1445,41885,2014,,,5,2,17
1446,41006,2014,,,5,1,19
1447,41013,2014,,,5,1,10
1448,41016,2014,,,5,1,26
1449,41020,2014,,,5,1,29
1450,41026,2014,,,5,1,5
1451,41078,2014,,,5,1,17
1452,41132,2014,,,5,1,86
1453,41206,2014,,,5,1,6
1454,41244,2014,,,5,1,5
1455,41298,2014,,,5,1,102
1456,41306,2014,,,5,1,34
1457,41319,2014,,,5,1,25
1458,41349,2014,,,5,1,19
1459,41357,2014,,,5,1,9
1460,41359,2014,,,5,1,20
1461,41378,2014,,,5,1,14
1462,41396,2014,,,5,1,61
1463,41483,2014,,,5,1,4
1464,41001,2014,,,5,1,889
1465,41503,2014,,,5,1,7
1466,41518,2014,,,5,1,9
1467,41524,2014,,,5,1,24
1468,41530,2014,,,5,1,7
1469,41548,2014,,,5,1,15
1470,41551,2014,,,5,1,186
1471,41615,2014,,,5,1,43
1472,41660,2014,,,5,1,5
1473,41668,2014,,,5,1,34
1474,41676,2014,,,5,1,13
1475,41770,2014,,,5,1,11
1476,41791,2014,,,5,1,18
1477,41799,2014,,,5,1,17
1478,41801,2014,,,5,1,9
1479,41797,2014,,,5,1,22
1480,41807,2014,,,5,1,29
1481,41872,2014,,,5,1,9
1482,41885,2014,,,5,1,30
1483,41006,2014,,,4,2,5
1484,41013,2014,,,4,2,1
1485,41016,2014,,,4,2,3
1486,41020,2014,,,4,2,4
1487,41026,2014,,,4,2,
1488,41078,2014,,,4,2,1
1489,41132,2014,,,4,2,3
1490,41206,2014,,,4,2,
1491,41244,2014,,,4,2,2
1492,41298,2014,,,4,2,14
1493,41306,2014,,,4,2,9
1494,41319,2014,,,4,2,3
1495,41349,2014,,,4,2,1
1496,41357,2014,,,4,2,6
1497,41359,2014,,,4,2,
1498,41378,2014,,,4,2,
1499,41396,2014,,,4,2,10
1500,41483,2014,,,4,2,0
1501,41001,2014,,,4,2,29
1502,41503,2014,,,4,2,1
1503,41518,2014,,,4,2,0
1504,41524,2014,,,4,2,5
1505,41530,2014,,,4,2,4
1506,41548,2014,,,4,2,0
1507,41551,2014,,,4,2,34
1508,41615,2014,,,4,2,7
1509,41660,2014,,,4,2,0
1510,41668,2014,,,4,2,2
1511,41676,2014,,,4,2,3
1512,41770,2014,,,4,2,7
1513,41791,2014,,,4,2,9
1514,41799,2014,,,4,2,0
1515,41801,2014,,,4,2,0
1516,41797,2014,,,4,2,5
1517,41807,2014,,,4,2,13
1518,41872,2014,,,4,2,9
1519,41885,2014,,,4,2,0
1520,41006,2014,,,4,1,8
1521,41013,2014,,,4,1,
1522,41016,2014,,,4,1,5
1523,41020,2014,,,4,1,4
1524,41026,2014,,,4,1,1
1525,41078,2014,,,4,1,
1526,41132,2014,,,4,1,2
1527,41206,2014,,,4,1,3
1528,41244,2014,,,4,1,3
1529,41298,2014,,,4,1,21
1530,41306,2014,,,4,1,21
1531,41319,2014,,,4,1,2
1532,41349,2014,,,4,1,1
1533,41357,2014,,,4,1,5
1534,41359,2014,,,4,1,
1535,41378,2014,,,4,1,3
1536,41396,2014,,,4,1,13
1537,41483,2014,,,4,1,0
1538,41001,2014,,,4,1,31
1539,41503,2014,,,4,1,4
1540,41518,2014,,,4,1,0
1541,41524,2014,,,4,1,14
1542,41530,2014,,,4,1,1
1543,41548,2014,,,4,1,0
1544,41551,2014,,,4,1,26
1545,41615,2014,,,4,1,8
1546,41660,2014,,,4,1,3
1547,41668,2014,,,4,1,4
1548,41676,2014,,,4,1,1
1549,41770,2014,,,4,1,12
1550,41791,2014,,,4,1,9
1551,41799,2014,,,4,1,6
1552,41801,2014,,,4,1,0
1553,41797,2014,,,4,1,4
1554,41807,2014,,,4,1,12
1555,41872,2014,,,4,1,6
1556,41885,2014,,,4,1,1
1557,41006,2014,,,3,2,21
1558,41013,2014,,,3,2,2
1559,41016,2014,,,3,2,6
1560,41020,2014,,,3,2,9
1561,41026,2014,,,3,2,
1562,41078,2014,,,3,2,5
1563,41132,2014,,,3,2,9
1564,41206,2014,,,3,2,7
1565,41244,2014,,,3,2,
1566,41298,2014,,,3,2,27
1567,41306,2014,,,3,2,10
1568,41319,2014,,,3,2,14
1569,41349,2014,,,3,2,2
1570,41357,2014,,,3,2,7
1571,41359,2014,,,3,2,31
1572,41378,2014,,,3,2,7
1573,41396,2014,,,3,2,18
1574,41483,2014,,,3,2,2
1575,41001,2014,,,3,2,10
1576,41503,2014,,,3,2,7
1577,41518,2014,,,3,2,2
1578,41524,2014,,,3,2,13
1579,41530,2014,,,3,2,20
1580,41548,2014,,,3,2,9
1581,41551,2014,,,3,2,55
1582,41615,2014,,,3,2,11
1583,41660,2014,,,3,2,15
1584,41668,2014,,,3,2,30
1585,41676,2014,,,3,2,8
1586,41770,2014,,,3,2,7
1587,41791,2014,,,3,2,2
1588,41799,2014,,,3,2,4
1589,41801,2014,,,3,2,5
1590,41797,2014,,,3,2,3
1591,41807,2014,,,3,2,10
1592,41872,2014,,,3,2,0
1593,41885,2014,,,3,2,0
1594,41006,2014,,,3,1,36
1595,41013,2014,,,3,1,5
1596,41016,2014,,,3,1,17
1597,41020,2014,,,3,1,13
1598,41026,2014,,,3,1,1
1599,41078,2014,,,3,1,6
1600,41132,2014,,,3,1,18
1601,41206,2014,,,3,1,7
1602,41244,2014,,,3,1,5
1603,41298,2014,,,3,1,48
1604,41306,2014,,,3,1,15
1605,41319,2014,,,3,1,14
1606,41349,2014,,,3,1,1
1607,41357,2014,,,3,1,10
1608,41359,2014,,,3,1,46
1609,41378,2014,,,3,1,18
1610,41396,2014,,,3,1,37
1611,41483,2014,,,3,1,3
1612,41001,2014,,,3,1,24
1613,41503,2014,,,3,1,10
1614,41518,2014,,,3,1,5
1615,41524,2014,,,3,1,15
1616,41530,2014,,,3,1,17
1617,41548,2014,,,3,1,16
1618,41551,2014,,,3,1,90
1619,41615,2014,,,3,1,7
1620,41660,2014,,,3,1,15
1621,41668,2014,,,3,1,48
1622,41676,2014,,,3,1,9
1623,41770,2014,,,3,1,17
1624,41791,2014,,,3,1,19
1625,41799,2014,,,3,1,9
1626,41801,2014,,,3,1,6
1627,41797,2014,,,3,1,5
1628,41807,2014,,,3,1,13
1629,41872,2014,,,3,1,0
1630,41885,2014,,,3,1,3
1631,41006,2014,6,1,,,0
1632,41013,2014,6,1,,,0
1633,41016,2014,6,1,,,0
1634,41020,2014,6,1,,,0
1635,41026,2014,6,1,,,0
1636,41078,2014,6,1,,,0
1637,41132,2014,6,1,,,0
1638,41206,2014,6,1,,,0
1639,41244,2014,6,1,,,0
1640,41298,2014,6,1,,,0
1641,41306,2014,6,1,,,0
1642,41319,2014,6,1,,,0
1643,41349,2014,6,1,,,0
1644,41357,2014,6,1,,,0
1645,41359,2014,6,1,,,0
1646,41378,2014,6,1,,,0
1647,41396,2014,6,1,,,0
1648,41483,2014,6,1,,,0
1649,41001,2014,6,1,,,1
1650,41503,2014,6,1,,,0
1651,41518,2014,6,1,,,0
1652,41524,2014,6,1,,,0
1653,41530,2014,6,1,,,0
1654,41548,2014,6,1,,,0
1655,41551,2014,6,1,,,0
1656,41615,2014,6,1,,,1
1657,41660,2014,6,1,,,0
1658,41668,2014,6,1,,,0
1659,41676,2014,6,1,,,0
1660,41770,2014,6,1,,,0
1661,41791,2014,6,1,,,0
1662,41799,2014,6,1,,,0
1663,41801,2014,6,1,,,0
1664,41797,2014,6,1,,,0
1665,41807,2014,6,1,,,0
1666,41872,2014,6,1,,,0
1667,41885,2014,6,1,,,0
1668,41006,2014,6,2,,,0
1669,41013,2014,6,2,,,0
1670,41016,2014,6,2,,,0
1671,41020,2014,6,2,,,0
1672,41026,2014,6,2,,,0
1673,41078,2014,6,2,,,0
1674,41132,2014,6,2,,,0
1675,41206,2014,6,2,,,0
1676,41244,2014,6,2,,,0
1677,41298,2014,6,2,,,0
1678,41306,2014,6,2,,,0
1679,41319,2014,6,2,,,0
1680,41349,2014,6,2,,,0
1681,41357,2014,6,2,,,0
1682,41359,2014,6,2,,,0
1683,41378,2014,6,2,,,0
1684,41396,2014,6,2,,,0
1685,41483,2014,6,2,,,0
1686,41001,2014,6,2,,,2
1687,41503,2014,6,2,,,0
1688,41518,2014,6,2,,,0
1689,41524,2014,6,2,,,0
1690,41530,2014,6,2,,,0
1691,41548,2014,6,2,,,0
1692,41551,2014,6,2,,,0
1693,41615,2014,6,2,,,0
1694,41660,2014,6,2,,,0
1695,41668,2014,6,2,,,0
1696,41676,2014,6,2,,,0
1697,41770,2014,6,2,,,0
1698,41791,2014,6,2,,,0
1699,41799,2014,6,2,,,0
1700,41801,2014,6,2,,,0
1701,41797,2014,6,2,,,0
1702,41807,2014,6,2,,,0
1703,41872,2014,6,2,,,0
1704,41885,2014,6,2,,,0
1705,41006,2014,6,3,,,0
1706,41013,2014,6,3,,,0
1707,41016,2014,6,3,,,0
1708,41020,2014,6,3,,,0
1709,41026,2014,6,3,,,0
1710,41078,2014,6,3,,,0
1711,41132,2014,6,3,,,0
1712,41206,2014,6,3,,,0
1713,41244,2014,6,3,,,0
1714,41298,2014,6,3,,,0
1715,41306,2014,6,3,,,0
1716,41319,2014,6,3,,,0
1717,41349,2014,6,3,,,0
1718,41357,2014,6,3,,,0
1719,41359,2014,6,3,,,1
1720,41378,2014,6,3,,,0
1721,41396,2014,6,3,,,0
1722,41483,2014,6,3,,,0
1723,41001,2014,6,3,,,1
1724,41503,2014,6,3,,,1
1725,41518,2014,6,3,,,0
1726,41524,2014,6,3,,,0
1727,41530,2014,6,3,,,0
1728,41548,2014,6,3,,,0
1729,41551,2014,6,3,,,1
1730,41615,2014,6,3,,,0
1731,41660,2014,6,3,,,0
1732,41668,2014,6,3,,,0
1733,41676,2014,6,3,,,0
1734,41770,2014,6,3,,,0
1735,41791,2014,6,3,,,0
1736,41799,2014,6,3,,,0
1737,41801,2014,6,3,,,0
1738,41797,2014,6,3,,,0
1739,41807,2014,6,3,,,0
1740,41872,2014,6,3,,,0
1741,41885,2014,6,3,,,0
1742,41006,2014,6,4,,,0
1743,41013,2014,6,4,,,0
1744,41016,2014,6,4,,,0
1745,41020,2014,6,4,,,0
1746,41026,2014,6,4,,,0
1747,41078,2014,6,4,,,0
1748,41132,2014,6,4,,,2
1749,41206,2014,6,4,,,0
1750,41244,2014,6,4,,,0
1751,41298,2014,6,4,,,1
1752,41306,2014,6,4,,,1
1753,41319,2014,6,4,,,0
1754,41349,2014,6,4,,,0
1755,41357,2014,6,4,,,0
1756,41359,2014,6,4,,,2
1757,41378,2014,6,4,,,0
1758,41396,2014,6,4,,,0
1759,41483,2014,6,4,,,0
1760,41001,2014,6,4,,,7
1761,41503,2014,6,4,,,0
1762,41518,2014,6,4,,,0
1763,41524,2014,6,4,,,0
1764,41530,2014,6,4,,,0
1765,41548,2014,6,4,,,0
1766,41551,2014,6,4,,,7
1767,41615,2014,6,4,,,0
1768,41660,2014,6,4,,,0
1769,41668,2014,6,4,,,0
1770,41676,2014,6,4,,,0
1771,41770,2014,6,4,,,0
1772,41791,2014,6,4,,,1
1773,41799,2014,6,4,,,0
1774,41801,2014,6,4,,,0
1775,41797,2014,6,4,,,1
1776,41807,2014,6,4,,,1
1777,41872,2014,6,4,,,0
1778,41885,2014,6,4,,,0
1779,41006,2014,6,5,,,1
1780,41013,2014,6,5,,,0
1781,41016,2014,6,5,,,0
1782,41020,2014,6,5,,,1
1783,41026,2014,6,5,,,1
1784,41078,2014,6,5,,,0
1785,41132,2014,6,5,,,2
1786,41206,2014,6,5,,,0
1787,41244,2014,6,5,,,0
1788,41298,2014,6,5,,,3
1789,41306,2014,6,5,,,0
1790,41319,2014,6,5,,,0
1791,41349,2014,6,5,,,0
1792,41357,2014,6,5,,,0
1793,41359,2014,6,5,,,1
1794,41378,2014,6,5,,,0
1795,41396,2014,6,5,,,1
1796,41483,2014,6,5,,,0
1797,41001,2014,6,5,,,14
1798,41503,2014,6,5,,,0
1799,41518,2014,6,5,,,0
1800,41524,2014,6,5,,,1
1801,41530,2014,6,5,,,0
1802,41548,2014,6,5,,,0
1803,41551,2014,6,5,,,2
1804,41615,2014,6,5,,,0
1805,41660,2014,6,5,,,0
1806,41668,2014,6,5,,,0
1807,41676,2014,6,5,,,0
1808,41770,2014,6,5,,,0
1809,41791,2014,6,5,,,0
1810,41799,2014,6,5,,,0
1811,41801,2014,6,5,,,0
1812,41797,2014,6,5,,,0
1813,41807,2014,6,5,,,1
1814,41872,2014,6,5,,,0
1815,41885,2014,6,5,,,0
1816,41006,2014,6,7,,,2
1817,41013,2014,6,7,,,0
1818,41016,2014,6,7,,,1
1819,41020,2014,6,7,,,0
1820,41026,2014,6,7,,,0
1821,41078,2014,6,7,,,0
1822,41132,2014,6,7,,,3
1823,41206,2014,6,7,,,0
1824,41244,2014,6,7,,,0
1825,41298,2014,6,7,,,1
1826,41306,2014,6,7,,,1
1827,41319,2014,6,7,,,0
1828,41349,2014,6,7,,,1
1829,41357,2014,6,7,,,0
1830,41359,2014,6,7,,,3
1831,41378,2014,6,7,,,0
1832,41396,2014,6,7,,,0
1833,41483,2014,6,7,,,0
1834,41001,2014,6,7,,,10
1835,41503,2014,6,7,,,0
1836,41518,2014,6,7,,,0
1837,41524,2014,6,7,,,0
1838,41530,2014,6,7,,,0
1839,41548,2014,6,7,,,0
1840,41551,2014,6,7,,,3
1841,41615,2014,6,7,,,0
1842,41660,2014,6,7,,,0
1843,41668,2014,6,7,,,0
1844,41676,2014,6,7,,,0
1845,41770,2014,6,7,,,0
1846,41791,2014,6,7,,,0
1847,41799,2014,6,7,,,1
1848,41801,2014,6,7,,,2
1849,41797,2014,6,7,,,0
1850,41807,2014,6,7,,,0
1851,41872,2014,6,7,,,0
1852,41885,2014,6,7,,,0
1853,41006,2014,6,8,,,1
1854,41013,2014,6,8,,,0
1855,41016,2014,6,8,,,1
1856,41020,2014,6,8,,,0
1857,41026,2014,6,8,,,0
1858,41078,2014,6,8,,,1
1859,41132,2014,6,8,,,1
1860,41206,2014,6,8,,,0
1861,41244,2014,6,8,,,0
1862,41298,2014,6,8,,,0
1863,41306,2014,6,8,,,0
1864,41319,2014,6,8,,,0
1865,41349,2014,6,8,,,0
1866,41357,2014,6,8,,,0
1867,41359,2014,6,8,,,3
1868,41378,2014,6,8,,,0
1869,41396,2014,6,8,,,0
1870,41483,2014,6,8,,,0
1871,41001,2014,6,8,,,10
1872,41503,2014,6,8,,,0
1873,41518,2014,6,8,,,0
1874,41524,2014,6,8,,,1
1875,41530,2014,6,8,,,0
1876,41548,2014,6,8,,,1
1877,41551,2014,6,8,,,6
1878,41615,2014,6,8,,,1
1879,41660,2014,6,8,,,0
1880,41668,2014,6,8,,,0
1881,41676,2014,6,8,,,1
1882,41770,2014,6,8,,,2
1883,41791,2014,6,8,,,0
1884,41799,2014,6,8,,,0
1885,41801,2014,6,8,,,1
1886,41797,2014,6,8,,,0
1887,41807,2014,6,8,,,1
1888,41872,2014,6,8,,,0
1889,41885,2014,6,8,,,0
1890,41006,2014,6,9,,,3
1891,41013,2014,6,9,,,0
1892,41016,2014,6,9,,,1
1893,41020,2014,6,9,,,1
1894,41026,2014,6,9,,,0
1895,41078,2014,6,9,,,0
1896,41132,2014,6,9,,,2
1897,41206,2014,6,9,,,0
1898,41244,2014,6,9,,,0
1899,41298,2014,6,9,,,3
1900,41306,2014,6,9,,,1
1901,41319,2014,6,9,,,0
1902,41349,2014,6,9,,,1
1903,41357,2014,6,9,,,1
1904,41359,2014,6,9,,,0
1905,41378,2014,6,9,,,0
1906,41396,2014,6,9,,,1
1907,41483,2014,6,9,,,0
1908,41001,2014,6,9,,,5
1909,41503,2014,6,9,,,0
1910,41518,2014,6,9,,,0
1911,41524,2014,6,9,,,0
1912,41530,2014,6,9,,,0
1913,41548,2014,6,9,,,0
1914,41551,2014,6,9,,,10
1915,41615,2014,6,9,,,1
1916,41660,2014,6,9,,,0
1917,41668,2014,6,9,,,1
1918,41676,2014,6,9,,,1
1919,41770,2014,6,9,,,0
1920,41791,2014,6,9,,,0
1921,41799,2014,6,9,,,1
1922,41801,2014,6,9,,,1
1923,41797,2014,6,9,,,0
1924,41807,2014,6,9,,,1
1925,41872,2014,6,9,,,0
1926,41885,2014,6,9,,,0
1927,41006,2014,6,10,,,1
1928,41013,2014,6,10,,,0
1929,41016,2014,6,10,,,0
1930,41020,2014,6,10,,,1
1931,41026,2014,6,10,,,0
1932,41078,2014,6,10,,,0
1933,41132,2014,6,10,,,0
1934,41206,2014,6,10,,,0
1935,41244,2014,6,10,,,0
1936,41298,2014,6,10,,,3
1937,41306,2014,6,10,,,0
1938,41319,2014,6,10,,,0
1939,41349,2014,6,10,,,0
1940,41357,2014,6,10,,,0
1941,41359,2014,6,10,,,1
1942,41378,2014,6,10,,,1
1943,41396,2014,6,10,,,1
1944,41483,2014,6,10,,,1
1945,41001,2014,6,10,,,6
1946,41503,2014,6,10,,,0
1947,41518,2014,6,10,,,0
1948,41524,2014,6,10,,,0
1949,41530,2014,6,10,,,2
1950,41548,2014,6,10,,,0
1951,41551,2014,6,10,,,2
1952,41615,2014,6,10,,,0
1953,41660,2014,6,10,,,0
1954,41668,2014,6,10,,,1
1955,41676,2014,6,10,,,0
1956,41770,2014,6,10,,,0
1957,41791,2014,6,10,,,0
1958,41799,2014,6,10,,,0
1959,41801,2014,6,10,,,0
1960,41797,2014,6,10,,,0
1961,41807,2014,6,10,,,0
1962,41872,2014,6,10,,,0
1963,41885,2014,6,10,,,0
1964,41006,2014,6,11,,,1
1965,41013,2014,6,11,,,0
1966,41016,2014,6,11,,,0
1967,41020,2014,6,11,,,0
1968,41026,2014,6,11,,,0
1969,41078,2014,6,11,,,0
1970,41132,2014,6,11,,,1
1971,41206,2014,6,11,,,0
1972,41244,2014,6,11,,,0
1973,41298,2014,6,11,,,0
1974,41306,2014,6,11,,,1
1975,41319,2014,6,11,,,1
1976,41349,2014,6,11,,,0
1977,41357,2014,6,11,,,0
1978,41359,2014,6,11,,,1
1979,41378,2014,6,11,,,0
1980,41396,2014,6,11,,,0
1981,41483,2014,6,11,,,0
1982,41001,2014,6,11,,,5
1983,41503,2014,6,11,,,1
1984,41518,2014,6,11,,,0
1985,41524,2014,6,11,,,0
1986,41530,2014,6,11,,,0
1987,41548,2014,6,11,,,0
1988,41551,2014,6,11,,,0
1989,41615,2014,6,11,,,0
1990,41660,2014,6,11,,,0
1991,41668,2014,6,11,,,0
1992,41676,2014,6,11,,,0
1993,41770,2014,6,11,,,0
1994,41791,2014,6,11,,,2
1995,41799,2014,6,11,,,2
1996,41801,2014,6,11,,,0
1997,41797,2014,6,11,,,0
1998,41807,2014,6,11,,,0
1999,41872,2014,6,11,,,0
2000,41885,2014,6,11,,,0
2001,41006,2014,6,12,,,0
2002,41013,2014,6,12,,,0
2003,41016,2014,6,12,,,2
2004,41020,2014,6,12,,,0
2005,41026,2014,6,12,,,0
2006,41078,2014,6,12,,,0
2007,41132,2014,6,12,,,0
2008,41206,2014,6,12,,,1
2009,41244,2014,6,12,,,0
2010,41298,2014,6,12,,,1
2011,41306,2014,6,12,,,0
2012,41319,2014,6,12,,,3
2013,41349,2014,6,12,,,1
2014,41357,2014,6,12,,,0
2015,41359,2014,6,12,,,0
2016,41378,2014,6,12,,,0
2017,41396,2014,6,12,,,0
2018,41483,2014,6,12,,,0
2019,41001,2014,6,12,,,2
2020,41503,2014,6,12,,,0
2021,41518,2014,6,12,,,0
2022,41524,2014,6,12,,,0
2023,41530,2014,6,12,,,0
2024,41548,2014,6,12,,,0
2025,41551,2014,6,12,,,1
2026,41615,2014,6,12,,,0
2027,41660,2014,6,12,,,0
2028,41668,2014,6,12,,,0
2029,41676,2014,6,12,,,1
2030,41770,2014,6,12,,,0
2031,41791,2014,6,12,,,0
2032,41799,2014,6,12,,,0
2033,41801,2014,6,12,,,0
2034,41797,2014,6,12,,,0
2035,41807,2014,6,12,,,0
2036,41872,2014,6,12,,,0
2037,41885,2014,6,12,,,0
2038,41006,2014,6,13,,,0
2039,41013,2014,6,13,,,0
2040,41016,2014,6,13,,,0
2041,41020,2014,6,13,,,1
2042,41026,2014,6,13,,,0
2043,41078,2014,6,13,,,0
2044,41132,2014,6,13,,,1
2045,41206,2014,6,13,,,0
2046,41244,2014,6,13,,,0
2047,41298,2014,6,13,,,0
2048,41306,2014,6,13,,,0
2049,41319,2014,6,13,,,1
2050,41349,2014,6,13,,,1
2051,41357,2014,6,13,,,0
2052,41359,2014,6,13,,,0
2053,41378,2014,6,13,,,1
2054,41396,2014,6,13,,,0
2055,41483,2014,6,13,,,0
2056,41001,2014,6,13,,,2
2057,41503,2014,6,13,,,0
2058,41518,2014,6,13,,,0
2059,41524,2014,6,13,,,0
2060,41530,2014,6,13,,,0
2061,41548,2014,6,13,,,0
2062,41551,2014,6,13,,,1
2063,41615,2014,6,13,,,1
2064,41660,2014,6,13,,,0
2065,41668,2014,6,13,,,0
2066,41676,2014,6,13,,,0
2067,41770,2014,6,13,,,0
2068,41791,2014,6,13,,,1
2069,41799,2014,6,13,,,0
2070,41801,2014,6,13,,,0
2071,41797,2014,6,13,,,0
2072,41807,2014,6,13,,,0
2073,41872,2014,6,13,,,0
2074,41885,2014,6,13,,,0
2075,41006,2014,6,14,,,0
2076,41013,2014,6,14,,,0
2077,41016,2014,6,14,,,0
2078,41020,2014,6,14,,,0
2079,41026,2014,6,14,,,0
2080,41078,2014,6,14,,,0
2081,41132,2014,6,14,,,4
2082,41206,2014,6,14,,,0
2083,41244,2014,6,14,,,0
2084,41298,2014,6,14,,,0
2085,41306,2014,6,14,,,0
2086,41319,2014,6,14,,,0
2087,41349,2014,6,14,,,0
2088,41357,2014,6,14,,,0
2089,41359,2014,6,14,,,0
2090,41378,2014,6,14,,,0
2091,41396,2014,6,14,,,0
2092,41483,2014,6,14,,,0
2093,41001,2014,6,14,,,1
2094,41503,2014,6,14,,,0
2095,41518,2014,6,14,,,0
2096,41524,2014,6,14,,,0
2097,41530,2014,6,14,,,0
2098,41548,2014,6,14,,,0
2099,41551,2014,6,14,,,0
2100,41615,2014,6,14,,,0
2101,41660,2014,6,14,,,0
2102,41668,2014,6,14,,,0
2103,41676,2014,6,14,,,0
2104,41770,2014,6,14,,,0
2105,41791,2014,6,14,,,0
2106,41799,2014,6,14,,,0
2107,41801,2014,6,14,,,1
2108,41797,2014,6,14,,,0
2109,41807,2014,6,14,,,0
2110,41872,2014,6,14,,,0
2111,41885,2014,6,14,,,0
2112,41006,2014,6,15,,,0
2113,41013,2014,6,15,,,0
2114,41016,2014,6,15,,,0
2115,41020,2014,6,15,,,0
2116,41026,2014,6,15,,,0
2117,41078,2014,6,15,,,0
2118,41132,2014,6,15,,,1
2119,41206,2014,6,15,,,0
2120,41244,2014,6,15,,,0
2121,41298,2014,6,15,,,0
2122,41306,2014,6,15,,,0
2123,41319,2014,6,15,,,0
2124,41349,2014,6,15,,,1
2125,41357,2014,6,15,,,0
2126,41359,2014,6,15,,,0
2127,41378,2014,6,15,,,0
2128,41396,2014,6,15,,,0
2129,41483,2014,6,15,,,0
2130,41001,2014,6,15,,,0
2131,41503,2014,6,15,,,0
2132,41518,2014,6,15,,,0
2133,41524,2014,6,15,,,0
2134,41530,2014,6,15,,,0
2135,41548,2014,6,15,,,0
2136,41551,2014,6,15,,,0
2137,41615,2014,6,15,,,0
2138,41660,2014,6,15,,,0
2139,41668,2014,6,15,,,0
2140,41676,2014,6,15,,,0
2141,41770,2014,6,15,,,0
2142,41791,2014,6,15,,,0
2143,41799,2014,6,15,,,0
2144,41801,2014,6,15,,,0
2145,41797,2014,6,15,,,0
2146,41807,2014,6,15,,,1
2147,41872,2014,6,15,,,0
2148,41885,2014,6,15,,,0
2149,41006,2014,6,16,,,0
2150,41013,2014,6,16,,,0
2151,41016,2014,6,16,,,0
2152,41020,2014,6,16,,,0
2153,41026,2014,6,16,,,0
2154,41078,2014,6,16,,,0
2155,41132,2014,6,16,,,0
2156,41206,2014,6,16,,,0
2157,41244,2014,6,16,,,0
2158,41298,2014,6,16,,,0
2159,41306,2014,6,16,,,0
2160,41319,2014,6,16,,,0
2161,41349,2014,6,16,,,0
2162,41357,2014,6,16,,,0
2163,41359,2014,6,16,,,0
2164,41378,2014,6,16,,,0
2165,41396,2014,6,16,,,0
2166,41483,2014,6,16,,,1
2167,41001,2014,6,16,,,0
2168,41503,2014,6,16,,,0
2169,41518,2014,6,16,,,0
2170,41524,2014,6,16,,,0
2171,41530,2014,6,16,,,0
2172,41548,2014,6,16,,,0
2173,41551,2014,6,16,,,0
2174,41615,2014,6,16,,,0
2175,41660,2014,6,16,,,0
2176,41668,2014,6,16,,,0
2177,41676,2014,6,16,,,0
2178,41770,2014,6,16,,,0
2179,41791,2014,6,16,,,0
2180,41799,2014,6,16,,,1
2181,41801,2014,6,16,,,0
2182,41797,2014,6,16,,,0
2183,41807,2014,6,16,,,0
2184,41872,2014,6,16,,,0
2185,41885,2014,6,16,,,0
2186,41006,2014,6,18,,,0
2187,41013,2014,6,18,,,1
2188,41016,2014,6,18,,,0
2189,41020,2014,6,18,,,0
2190,41026,2014,6,18,,,0
2191,41078,2014,6,18,,,0
2192,41132,2014,6,18,,,0
2193,41206,2014,6,18,,,0
2194,41244,2014,6,18,,,0
2195,41298,2014,6,18,,,0
2196,41306,2014,6,18,,,1
2197,41319,2014,6,18,,,0
2198,41349,2014,6,18,,,0
2199,41357,2014,6,18,,,0
2200,41359,2014,6,18,,,0
2201,41378,2014,6,18,,,0
2202,41396,2014,6,18,,,0
2203,41483,2014,6,18,,,0
2204,41001,2014,6,18,,,0
2205,41503,2014,6,18,,,0
2206,41518,2014,6,18,,,0
2207,41524,2014,6,18,,,0
2208,41530,2014,6,18,,,0
2209,41548,2014,6,18,,,0
2210,41551,2014,6,18,,,0
2211,41615,2014,6,18,,,0
2212,41660,2014,6,18,,,0
2213,41668,2014,6,18,,,0
2214,41676,2014,6,18,,,0
2215,41770,2014,6,18,,,0
2216,41791,2014,6,18,,,0
2217,41799,2014,6,18,,,0
2218,41801,2014,6,18,,,0
2219,41797,2014,6,18,,,0
2220,41807,2014,6,18,,,0
2221,41872,2014,6,18,,,0
2222,41885,2014,6,18,,,0
2223,41006,2014,8,3,,,0
2224,41020,2014,8,3,,,0
2225,41026,2014,8,3,,,0
2226,41078,2014,8,3,,,0
2227,41132,2014,8,3,,,0
2228,41298,2014,8,3,,,0
2229,41306,2014,8,3,,,0
2230,41319,2014,8,3,,,1
2231,41357,2014,8,3,,,0
2232,41359,2014,8,3,,,0
2233,41378,2014,8,3,,,1
2234,41396,2014,8,3,,,0
2235,41001,2014,8,3,,,1
2236,41503,2014,8,3,,,0
2237,41518,2014,8,3,,,0
2238,41524,2014,8,3,,,0
2239,41530,2014,8,3,,,0
2240,41551,2014,8,3,,,1
2241,41615,2014,8,3,,,0
2242,41676,2014,8,3,,,0
2243,41770,2014,8,3,,,0
2244,41807,2014,8,3,,,0
2245,41885,2014,8,3,,,0
2246,41006,2014,8,4,,,0
2247,41020,2014,8,4,,,0
2248,41026,2014,8,4,,,1
2249,41078,2014,8,4,,,0
2250,41132,2014,8,4,,,0
2251,41298,2014,8,4,,,3
2252,41306,2014,8,4,,,2
2253,41319,2014,8,4,,,0
2254,41357,2014,8,4,,,0
2255,41359,2014,8,4,,,0
2256,41378,2014,8,4,,,0
2257,41396,2014,8,4,,,1
2258,41001,2014,8,4,,,2
2259,41503,2014,8,4,,,0
2260,41518,2014,8,4,,,1
2261,41524,2014,8,4,,,1
2262,41530,2014,8,4,,,2
2263,41551,2014,8,4,,,0
2264,41615,2014,8,4,,,0
2265,41676,2014,8,4,,,1
2266,41770,2014,8,4,,,1
2267,41807,2014,8,4,,,0
2268,41885,2014,8,4,,,0
2269,41006,2014,8,5,,,1
2270,41020,2014,8,5,,,1
2271,41026,2014,8,5,,,0
2272,41078,2014,8,5,,,0
2273,41132,2014,8,5,,,0
2274,41298,2014,8,5,,,2
2275,41306,2014,8,5,,,0
2276,41319,2014,8,5,,,1
2277,41357,2014,8,5,,,0
2278,41359,2014,8,5,,,0
2279,41378,2014,8,5,,,1
2280,41396,2014,8,5,,,1
2281,41001,2014,8,5,,,2
2282,41503,2014,8,5,,,0
2283,41518,2014,8,5,,,0
2284,41524,2014,8,5,,,0
2285,41530,2014,8,5,,,0
2286,41551,2014,8,5,,,1
2287,41615,2014,8,5,,,1
2288,41676,2014,8,5,,,0
2289,41770,2014,8,5,,,1
2290,41807,2014,8,5,,,0
2291,41885,2014,8,5,,,0
2292,41006,2014,8,7,,,0
2293,41020,2014,8,7,,,0
2294,41026,2014,8,7,,,0
2295,41078,2014,8,7,,,0
2296,41132,2014,8,7,,,1
2297,41298,2014,8,7,,,0
2298,41306,2014,8,7,,,0
2299,41319,2014,8,7,,,0
2300,41357,2014,8,7,,,0
2301,41359,2014,8,7,,,1
2302,41378,2014,8,7,,,0
2303,41396,2014,8,7,,,2
2304,41001,2014,8,7,,,1
2305,41503,2014,8,7,,,0
2306,41518,2014,8,7,,,0
2307,41524,2014,8,7,,,0
2308,41530,2014,8,7,,,1
2309,41551,2014,8,7,,,0
2310,41615,2014,8,7,,,0
2311,41676,2014,8,7,,,0
2312,41770,2014,8,7,,,0
2313,41807,2014,8,7,,,0
2314,41885,2014,8,7,,,1
2315,41006,2014,8,8,,,0
2316,41020,2014,8,8,,,1
2317,41026,2014,8,8,,,0
2318,41078,2014,8,8,,,0
2319,41132,2014,8,8,,,0
2320,41298,2014,8,8,,,1
2321,41306,2014,8,8,,,0
2322,41319,2014,8,8,,,0
2323,41357,2014,8,8,,,0
2324,41359,2014,8,8,,,0
2325,41378,2014,8,8,,,0
2326,41396,2014,8,8,,,1
2327,41001,2014,8,8,,,2
2328,41503,2014,8,8,,,0
2329,41518,2014,8,8,,,0
2330,41524,2014,8,8,,,0
2331,41530,2014,8,8,,,0
2332,41551,2014,8,8,,,0
2333,41615,2014,8,8,,,0
2334,41676,2014,8,8,,,0
2335,41770,2014,8,8,,,0
2336,41807,2014,8,8,,,1
2337,41885,2014,8,8,,,0
2338,41006,2014,8,9,,,0
2339,41020,2014,8,9,,,0
2340,41026,2014,8,9,,,0
2341,41078,2014,8,9,,,0
2342,41132,2014,8,9,,,0
2343,41298,2014,8,9,,,1
2344,41306,2014,8,9,,,0
2345,41319,2014,8,9,,,1
2346,41357,2014,8,9,,,0
2347,41359,2014,8,9,,,0
2348,41378,2014,8,9,,,0
2349,41396,2014,8,9,,,0
2350,41001,2014,8,9,,,2
2351,41503,2014,8,9,,,0
2352,41518,2014,8,9,,,0
2353,41524,2014,8,9,,,0
2354,41530,2014,8,9,,,0
2355,41551,2014,8,9,,,0
2356,41615,2014,8,9,,,0
2357,41676,2014,8,9,,,0
2358,41770,2014,8,9,,,0
2359,41807,2014,8,9,,,0
2360,41885,2014,8,9,,,0
2361,41006,2014,8,10,,,0
2362,41020,2014,8,10,,,0
2363,41026,2014,8,10,,,0
2364,41078,2014,8,10,,,0
2365,41132,2014,8,10,,,0
2366,41298,2014,8,10,,,0
2367,41306,2014,8,10,,,0
2368,41319,2014,8,10,,,0
2369,41357,2014,8,10,,,0
2370,41359,2014,8,10,,,0
2371,41378,2014,8,10,,,0
2372,41396,2014,8,10,,,1
2373,41001,2014,8,10,,,0
2374,41503,2014,8,10,,,0
2375,41518,2014,8,10,,,0
2376,41524,2014,8,10,,,0
2377,41530,2014,8,10,,,0
2378,41551,2014,8,10,,,1
2379,41615,2014,8,10,,,0
2380,41676,2014,8,10,,,0
2381,41770,2014,8,10,,,0
2382,41807,2014,8,10,,,0
2383,41885,2014,8,10,,,0
2384,41006,2014,8,11,,,0
2385,41020,2014,8,11,,,0
2386,41026,2014,8,11,,,0
2387,41078,2014,8,11,,,0
2388,41132,2014,8,11,,,0
2389,41298,2014,8,11,,,0
2390,41306,2014,8,11,,,0
2391,41319,2014,8,11,,,0
2392,41357,2014,8,11,,,0
2393,41359,2014,8,11,,,0
2394,41378,2014,8,11,,,0
2395,41396,2014,8,11,,,0
2396,41001,2014,8,11,,,3
2397,41503,2014,8,11,,,0
2398,41518,2014,8,11,,,0
2399,41524,2014,8,11,,,0
2400,41530,2014,8,11,,,0
2401,41551,2014,8,11,,,2
2402,41615,2014,8,11,,,0
2403,41676,2014,8,11,,,0
2404,41770,2014,8,11,,,0
2405,41807,2014,8,11,,,0
2406,41885,2014,8,11,,,0
2407,41006,2014,8,12,,,1
2408,41020,2014,8,12,,,0
2409,41026,2014,8,12,,,0
2410,41078,2014,8,12,,,0
2411,41132,2014,8,12,,,0
2412,41298,2014,8,12,,,0
2413,41306,2014,8,12,,,0
2414,41319,2014,8,12,,,0
2415,41357,2014,8,12,,,0
2416,41359,2014,8,12,,,0
2417,41378,2014,8,12,,,0
2418,41396,2014,8,12,,,1
2419,41001,2014,8,12,,,1
2420,41503,2014,8,12,,,0
2421,41518,2014,8,12,,,0
2422,41524,2014,8,12,,,0
2423,41530,2014,8,12,,,0
2424,41551,2014,8,12,,,0
2425,41615,2014,8,12,,,0
2426,41676,2014,8,12,,,0
2427,41770,2014,8,12,,,0
2428,41807,2014,8,12,,,0
2429,41885,2014,8,12,,,0
2430,41006,2014,8,13,,,0
2431,41020,2014,8,13,,,0
2432,41026,2014,8,13,,,0
2433,41078,2014,8,13,,,0
2434,41132,2014,8,13,,,0
2435,41298,2014,8,13,,,1
2436,41306,2014,8,13,,,1
2437,41319,2014,8,13,,,0
2438,41357,2014,8,13,,,0
2439,41359,2014,8,13,,,0
2440,41378,2014,8,13,,,0
2441,41396,2014,8,13,,,1
2442,41001,2014,8,13,,,1
2443,41503,2014,8,13,,,0
2444,41518,2014,8,13,,,0
2445,41524,2014,8,13,,,0
2446,41530,2014,8,13,,,0
2447,41551,2014,8,13,,,0
2448,41615,2014,8,13,,,0
2449,41676,2014,8,13,,,0
2450,41770,2014,8,13,,,0
2451,41807,2014,8,13,,,0
2452,41885,2014,8,13,,,0
2453,41006,2014,8,14,,,0
2454,41020,2014,8,14,,,0
2455,41026,2014,8,14,,,0
2456,41078,2014,8,14,,,0
2457,41132,2014,8,14,,,2
2458,41298,2014,8,14,,,0
2459,41306,2014,8,14,,,0
2460,41319,2014,8,14,,,0
2461,41357,2014,8,14,,,1
2462,41359,2014,8,14,,,0
2463,41378,2014,8,14,,,0
2464,41396,2014,8,14,,,0
2465,41001,2014,8,14,,,1
2466,41503,2014,8,14,,,0
2467,41518,2014,8,14,,,0
2468,41524,2014,8,14,,,0
2469,41530,2014,8,14,,,0
2470,41551,2014,8,14,,,1
2471,41615,2014,8,14,,,0
2472,41676,2014,8,14,,,0
2473,41770,2014,8,14,,,0
2474,41807,2014,8,14,,,0
2475,41885,2014,8,14,,,0
2476,41006,2014,8,15,,,0
2477,41020,2014,8,15,,,0
2478,41026,2014,8,15,,,0
2479,41078,2014,8,15,,,0
2480,41132,2014,8,15,,,0
2481,41298,2014,8,15,,,1
2482,41306,2014,8,15,,,0
2483,41319,2014,8,15,,,0
2484,41357,2014,8,15,,,0
2485,41359,2014,8,15,,,0
2486,41378,2014,8,15,,,0
2487,41396,2014,8,15,,,0
2488,41001,2014,8,15,,,1
2489,41503,2014,8,15,,,0
2490,41518,2014,8,15,,,0
2491,41524,2014,8,15,,,0
2492,41530,2014,8,15,,,0
2493,41551,2014,8,15,,,0
2494,41615,2014,8,15,,,0
2495,41676,2014,8,15,,,0
2496,41770,2014,8,15,,,0
2497,41807,2014,8,15,,,1
2498,41885,2014,8,15,,,0
2499,41006,2014,8,16,,,0
2500,41020,2014,8,16,,,0
2501,41026,2014,8,16,,,0
2502,41078,2014,8,16,,,0
2503,41132,2014,8,16,,,0
2504,41298,2014,8,16,,,0
2505,41306,2014,8,16,,,0
2506,41319,2014,8,16,,,0
2507,41357,2014,8,16,,,0
2508,41359,2014,8,16,,,0
2509,41378,2014,8,16,,,0
2510,41396,2014,8,16,,,0
2511,41001,2014,8,16,,,1
2512,41503,2014,8,16,,,0
2513,41518,2014,8,16,,,0
2514,41524,2014,8,16,,,0
2515,41530,2014,8,16,,,0
2516,41551,2014,8,16,,,0
2517,41615,2014,8,16,,,0
2518,41676,2014,8,16,,,0
2519,41770,2014,8,16,,,0
2520,41807,2014,8,16,,,0
2521,41885,2014,8,16,,,0
2522,41006,2014,8,17,,,0
2523,41020,2014,8,17,,,0
2524,41026,2014,8,17,,,0
2525,41078,2014,8,17,,,0
2526,41132,2014,8,17,,,0
2527,41298,2014,8,17,,,0
2528,41306,2014,8,17,,,0
2529,41319,2014,8,17,,,0
2530,41357,2014,8,17,,,0
2531,41359,2014,8,17,,,0
2532,41378,2014,8,17,,,0
2533,41396,2014,8,17,,,0
2534,41001,2014,8,17,,,1
2535,41503,2014,8,17,,,1
2536,41518,2014,8,17,,,0
2537,41524,2014,8,17,,,0
2538,41530,2014,8,17,,,0
2539,41551,2014,8,17,,,0
2540,41615,2014,8,17,,,0
2541,41676,2014,8,17,,,0
2542,41770,2014,8,17,,,0
2543,41807,2014,8,17,,,0
2544,41885,2014,8,17,,,0
2545,41006,2014,8,18,,,0
2546,41020,2014,8,18,,,0
2547,41026,2014,8,18,,,0
2548,41078,2014,8,18,,,1
2549,41132,2014,8,18,,,0
2550,41298,2014,8,18,,,0
2551,41306,2014,8,18,,,0
2552,41319,2014,8,18,,,1
2553,41357,2014,8,18,,,0
2554,41359,2014,8,18,,,0
2555,41378,2014,8,18,,,0
2556,41396,2014,8,18,,,0
2557,41001,2014,8,18,,,0
2558,41503,2014,8,18,,,0
2559,41518,2014,8,18,,,0
2560,41524,2014,8,18,,,0
2561,41530,2014,8,18,,,0
2562,41551,2014,8,18,,,0
2563,41615,2014,8,18,,,0
2564,41676,2014,8,18,,,0
2565,41770,2014,8,18,,,0
2566,41807,2014,8,18,,,0
2567,41885,2014,8,18,,,0
2568,41006,2014,2,,,,76
2569,41013,2014,2,,,,44
2570,41016,2014,2,,,,67
2571,41020,2014,2,,,,76
2572,41026,2014,2,,,,11
2573,41078,2014,2,,,,36
2574,41132,2014,2,,,,160
2575,41206,2014,2,,,,31
2576,41244,2014,2,,,,23
2577,41298,2014,2,,,,224
2578,41306,2014,2,,,,100
2579,41319,2014,2,,,,59
2580,41349,2014,2,,,,34
2581,41357,2014,2,,,,41
2582,41359,2014,2,,,,87
2583,41378,2014,2,,,,36
2584,41396,2014,2,,,,161
2585,41483,2014,2,,,,11
2586,41001,2014,2,,,,1615
2587,41503,2014,2,,,,28
2588,41518,2014,2,,,,17
2589,41524,2014,2,,,,84
2590,41530,2014,2,,,,43
2591,41548,2014,2,,,,40
2592,41551,2014,2,,,,470
2593,41615,2014,2,,,,91
2594,41660,2014,2,,,,37
2595,41668,2014,2,,,,122
2596,41676,2014,2,,,,34
2597,41770,2014,2,,,,51
2598,41791,2014,2,,,,67
2599,41799,2014,2,,,,35
2600,41801,2014,2,,,,22
2601,41797,2014,2,,,,44
2602,41807,2014,2,,,,83
2603,41872,2014,2,,,,27
2604,41885,2014,2,,,,47
2605,41006,2014,3,,,,1
2606,41013,2014,3,,,,0
2607,41016,2014,3,,,,1
2608,41020,2014,3,,,,0
2609,41026,2014,3,,,,0
2610,41078,2014,3,,,,0
2611,41132,2014,3,,,,3
2612,41206,2014,3,,,,0
2613,41244,2014,3,,,,0
2614,41298,2014,3,,,,2
2615,41306,2014,3,,,,1
2616,41319,2014,3,,,,1
2617,41349,2014,3,,,,0
2618,41357,2014,3,,,,1
2619,41359,2014,3,,,,2
2620,41378,2014,3,,,,4
2621,41396,2014,3,,,,3
2622,41483,2014,3,,,,0
2623,41001,2014,3,,,,14
2624,41503,2014,3,,,,0
2625,41518,2014,3,,,,0
2626,41524,2014,3,,,,1
2627,41530,2014,3,,,,1
2628,41548,2014,3,,,,5
2629,41551,2014,3,,,,3
2630,41615,2014,3,,,,2
2631,41660,2014,3,,,,3
2632,41668,2014,3,,,,3
2633,41676,2014,3,,,,2
2634,41770,2014,3,,,,0
2635,41791,2014,3,,,,0
2636,41799,2014,3,,,,0
2637,41801,2014,3,,,,3
2638,41797,2014,3,,,,0
2639,41807,2014,3,,,,0
2640,41872,2014,3,,,,0
2641,41885,2014,3,,,,0
2642,41006,2014,4,,,,2
2643,41013,2014,4,,,,0
2644,41016,2014,4,,,,4
2645,41020,2014,4,,,,1
2646,41026,2014,4,,,,1
2647,41078,2014,4,,,,0
2648,41132,2014,4,,,,4
2649,41206,2014,4,,,,0
2650,41244,2014,4,,,,1
2651,41298,2014,4,,,,16
2652,41306,2014,4,,,,4
2653,41319,2014,4,,,,3
2654,41349,2014,4,,,,5
2655,41357,2014,4,,,,1
2656,41359,2014,4,,,,2
2657,41378,2014,4,,,,3
2658,41396,2014,4,,,,12
2659,41483,2014,4,,,,1
2660,41001,2014,4,,,,74
2661,41503,2014,4,,,,3
2662,41518,2014,4,,,,0
2663,41524,2014,4,,,,7
2664,41530,2014,4,,,,3
2665,41548,2014,4,,,,2
2666,41551,2014,4,,,,26
2667,41615,2014,4,,,,4
2668,41660,2014,4,,,,3
2669,41668,2014,4,,,,2
2670,41676,2014,4,,,,1
2671,41770,2014,4,,,,6
2672,41791,2014,4,,,,2
2673,41799,2014,4,,,,5
2674,41801,2014,4,,,,1
2675,41797,2014,4,,,,5
2676,41807,2014,4,,,,2
2677,41872,2014,4,,,,0
2678,41885,2014,4,,,,2
2679,41006,2014,5,,,,0
2680,41013,2014,5,,,,0
2681,41016,2014,5,,,,0
2682,41020,2014,5,,,,2
2683,41026,2014,5,,,,0
2684,41078,2014,5,,,,1
2685,41132,2014,5,,,,0
2686,41206,2014,5,,,,0
2687,41244,2014,5,,,,0
2688,41298,2014,5,,,,2
2689,41306,2014,5,,,,0
2690,41319,2014,5,,,,0
2691,41349,2014,5,,,,0
2692,41357,2014,5,,,,0
2693,41359,2014,5,,,,2
2694,41378,2014,5,,,,0
2695,41396,2014,5,,,,0
2696,41483,2014,5,,,,0
2697,41001,2014,5,,,,12
2698,41503,2014,5,,,,0
2699,41518,2014,5,,,,0
2700,41524,2014,5,,,,0
2701,41530,2014,5,,,,0
2702,41548,2014,5,,,,0
2703,41551,2014,5,,,,1
2704,41615,2014,5,,,,0
2705,41660,2014,5,,,,0
2706,41668,2014,5,,,,1
2707,41676,2014,5,,,,0
2708,41770,2014,5,,,,0
2709,41791,2014,5,,,,0
2710,41799,2014,5,,,,0
2711,41801,2014,5,,,,0
2712,41797,2014,5,,,,1
2713,41807,2014,5,,,,0
2714,41872,2014,5,,,,0
2715,41885,2014,5,,,,0
2716,41006,2014,6,,,,9
2717,41013,2014,6,,,,0
2718,41016,2014,6,,,,4
2719,41020,2014,6,,,,5
2720,41026,2014,6,,,,0
2721,41078,2014,6,,,,1
2722,41132,2014,6,,,,15
2723,41206,2014,6,,,,1
2724,41244,2014,6,,,,1
2725,41298,2014,6,,,,16
2726,41306,2014,6,,,,5
2727,41319,2014,6,,,,4
2728,41349,2014,6,,,,2
2729,41357,2014,6,,,,1
2730,41359,2014,6,,,,11
2731,41378,2014,6,,,,2
2732,41396,2014,6,,,,4
2733,41483,2014,6,,,,2
2734,41001,2014,6,,,,70
2735,41503,2014,6,,,,0
2736,41518,2014,6,,,,0
2737,41524,2014,6,,,,2
2738,41530,2014,6,,,,2
2739,41548,2014,6,,,,0
2740,41551,2014,6,,,,36
2741,41615,2014,6,,,,5
2742,41660,2014,6,,,,1
2743,41668,2014,6,,,,2
2744,41676,2014,6,,,,3
2745,41770,2014,6,,,,3
2746,41791,2014,6,,,,2
2747,41799,2014,6,,,,4
2748,41801,2014,6,,,,5
2749,41797,2014,6,,,,0
2750,41807,2014,6,,,,5
2751,41872,2014,6,,,,0
2752,41885,2014,6,,,,0
2753,41006,2014,7,,,,4
2754,41013,2014,7,,,,0
2755,41016,2014,7,,,,2
2756,41020,2014,7,,,,1
2757,41026,2014,7,,,,0
2758,41078,2014,7,,,,2
2759,41132,2014,7,,,,4
2760,41206,2014,7,,,,0
2761,41244,2014,7,,,,0
2762,41298,2014,7,,,,12
2763,41306,2014,7,,,,0
2764,41319,2014,7,,,,2
2765,41349,2014,7,,,,1
2766,41357,2014,7,,,,0
2767,41359,2014,7,,,,3
2768,41378,2014,7,,,,1
2769,41396,2014,7,,,,6
2770,41483,2014,7,,,,0
2771,41001,2014,7,,,,24
2772,41503,2014,7,,,,1
2773,41518,2014,7,,,,1
2774,41524,2014,7,,,,2
2775,41530,2014,7,,,,0
2776,41548,2014,7,,,,0
2777,41551,2014,7,,,,5
2778,41615,2014,7,,,,1
2779,41660,2014,7,,,,1
2780,41668,2014,7,,,,2
2781,41676,2014,7,,,,2
2782,41770,2014,7,,,,3
2783,41791,2014,7,,,,1
2784,41799,2014,7,,,,0
2785,41801,2014,7,,,,1
2786,41797,2014,7,,,,1
2787,41807,2014,7,,,,0
2788,41872,2014,7,,,,0
2789,41885,2014,7,,,,1
2790,41006,2014,8,,,,2
2791,41013,2014,8,,,,0
2792,41016,2014,8,,,,0
2793,41020,2014,8,,,,2
2794,41026,2014,8,,,,1
2795,41078,2014,8,,,,1
2796,41132,2014,8,,,,3
2797,41206,2014,8,,,,0
2798,41244,2014,8,,,,0
2799,41298,2014,8,,,,9
2800,41306,2014,8,,,,3
2801,41319,2014,8,,,,4
2802,41349,2014,8,,,,0
2803,41357,2014,8,,,,1
2804,41359,2014,8,,,,1
2805,41378,2014,8,,,,2
2806,41396,2014,8,,,,8
2807,41483,2014,8,,,,0
2808,41001,2014,8,,,,19
2809,41503,2014,8,,,,1
2810,41518,2014,8,,,,1
2811,41524,2014,8,,,,1
2812,41530,2014,8,,,,3
2813,41548,2014,8,,,,0
2814,41551,2014,8,,,,6
2815,41615,2014,8,,,,1
2816,41660,2014,8,,,,0
2817,41668,2014,8,,,,0
2818,41676,2014,8,,,,1
2819,41770,2014,8,,,,2
2820,41791,2014,8,,,,0
2821,41799,2014,8,,,,0
2822,41801,2014,8,,,,0
2823,41797,2014,8,,,,0
2824,41807,2014,8,,,,2
2825,41872,2014,8,,,,0
2826,41885,2014,8,,,,1
2827,41006,2013,1,29,,,1
2828,41013,2013,1,29,,,
2829,41016,2013,1,29,,,
2830,41020,2013,1,29,,,1
2831,41026,2013,1,29,,,
2832,41078,2013,1,29,,,
2833,41132,2013,1,29,,,1
2834,41206,2013,1,29,,,
2835,41244,2013,1,29,,,
2836,41298,2013,1,29,,,4
2837,41306,2013,1,29,,,
2838,41319,2013,1,29,,,
2839,41349,2013,1,29,,,
2840,41357,2013,1,29,,,
2841,41359,2013,1,29,,,7
2842,41378,2013,1,29,,,
2843,41396,2013,1,29,,,
2844,41483,2013,1,29,,,
2845,41001,2013,1,29,,,25
2846,41503,2013,1,29,,,2
2847,41518,2013,1,29,,,
2848,41524,2013,1,29,,,1
2849,41530,2013,1,29,,,
2850,41548,2013,1,29,,,
2851,41551,2013,1,29,,,22
2852,41615,2013,1,29,,,
2853,41660,2013,1,29,,,2
2854,41668,2013,1,29,,,3
2855,41676,2013,1,29,,,
2856,41770,2013,1,29,,,1
2857,41791,2013,1,29,,,2
2858,41799,2013,1,29,,,
2859,41801,2013,1,29,,,1
2860,41797,2013,1,29,,,
2861,41807,2013,1,29,,,1
2862,41872,2013,1,29,,,
2863,41885,2013,1,29,,,
2864,41006,2013,1,30,,,20
2865,41013,2013,1,30,,,9
2866,41016,2013,1,30,,,16
2867,41020,2013,1,30,,,16
2868,41026,2013,1,30,,,4
2869,41078,2013,1,30,,,9
2870,41132,2013,1,30,,,34
2871,41206,2013,1,30,,,9
2872,41244,2013,1,30,,,3
2873,41298,2013,1,30,,,103
2874,41306,2013,1,30,,,23
2875,41319,2013,1,30,,,13
2876,41349,2013,1,30,,,7
2877,41357,2013,1,30,,,8
2878,41359,2013,1,30,,,21
2879,41378,2013,1,30,,,9
2880,41396,2013,1,30,,,81
2881,41483,2013,1,30,,,5
2882,41001,2013,1,30,,,576
2883,41503,2013,1,30,,,10
2884,41518,2013,1,30,,,3
2885,41524,2013,1,30,,,22
2886,41530,2013,1,30,,,8
2887,41548,2013,1,30,,,10
2888,41551,2013,1,30,,,161
2889,41615,2013,1,30,,,16
2890,41660,2013,1,30,,,6
2891,41668,2013,1,30,,,31
2892,41676,2013,1,30,,,13
2893,41770,2013,1,30,,,14
2894,41791,2013,1,30,,,15
2895,41799,2013,1,30,,,4
2896,41801,2013,1,30,,,10
2897,41797,2013,1,30,,,12
2898,41807,2013,1,30,,,12
2899,41872,2013,1,30,,,7
2900,41885,2013,1,30,,,5
2901,41006,2013,1,31,,,22
2902,41013,2013,1,31,,,3
2903,41016,2013,1,31,,,10
2904,41020,2013,1,31,,,12
2905,41026,2013,1,31,,,2
2906,41078,2013,1,31,,,4
2907,41132,2013,1,31,,,17
2908,41206,2013,1,31,,,5
2909,41244,2013,1,31,,,
2910,41298,2013,1,31,,,78
2911,41306,2013,1,31,,,23
2912,41319,2013,1,31,,,15
2913,41349,2013,1,31,,,5
2914,41357,2013,1,31,,,4
2915,41359,2013,1,31,,,17
2916,41378,2013,1,31,,,7
2917,41396,2013,1,31,,,47
2918,41483,2013,1,31,,,1
2919,41001,2013,1,31,,,274
2920,41503,2013,1,31,,,6
2921,41518,2013,1,31,,,3
2922,41524,2013,1,31,,,8
2923,41530,2013,1,31,,,10
2924,41548,2013,1,31,,,15
2925,41551,2013,1,31,,,122
2926,41615,2013,1,31,,,8
2927,41660,2013,1,31,,,12
2928,41668,2013,1,31,,,27
2929,41676,2013,1,31,,,2
2930,41770,2013,1,31,,,19
2931,41791,2013,1,31,,,6
2932,41799,2013,1,31,,,2
2933,41801,2013,1,31,,,6
2934,41797,2013,1,31,,,5
2935,41807,2013,1,31,,,10
2936,41872,2013,1,31,,,5
2937,41885,2013,1,31,,,2
2938,41006,2013,1,32,,,4
2939,41013,2013,1,32,,,1
2940,41016,2013,1,32,,,6
2941,41020,2013,1,32,,,2
2942,41026,2013,1,32,,,2
2943,41078,2013,1,32,,,2
2944,41132,2013,1,32,,,3
2945,41206,2013,1,32,,,
2946,41244,2013,1,32,,,
2947,41298,2013,1,32,,,19
2948,41306,2013,1,32,,,5
2949,41319,2013,1,32,,,2
2950,41349,2013,1,32,,,
2951,41357,2013,1,32,,,2
2952,41359,2013,1,32,,,7
2953,41378,2013,1,32,,,2
2954,41396,2013,1,32,,,8
2955,41483,2013,1,32,,,1
2956,41001,2013,1,32,,,44
2957,41503,2013,1,32,,,2
2958,41518,2013,1,32,,,1
2959,41524,2013,1,32,,,
2960,41530,2013,1,32,,,
2961,41548,2013,1,32,,,3
2962,41551,2013,1,32,,,13
2963,41615,2013,1,32,,,2
2964,41660,2013,1,32,,,2
2965,41668,2013,1,32,,,2
2966,41676,2013,1,32,,,
2967,41770,2013,1,32,,,3
2968,41791,2013,1,32,,,2
2969,41799,2013,1,32,,,3
2970,41801,2013,1,32,,,1
2971,41797,2013,1,32,,,1
2972,41807,2013,1,32,,,4
2973,41872,2013,1,32,,,
2974,41885,2013,1,32,,,
2975,41006,2013,1,33,,,4
2976,41013,2013,1,33,,,1
2977,41016,2013,1,33,,,4
2978,41020,2013,1,33,,,
2979,41026,2013,1,33,,,
2980,41078,2013,1,33,,,
2981,41132,2013,1,33,,,3
2982,41206,2013,1,33,,,
2983,41244,2013,1,33,,,
2984,41298,2013,1,33,,,12
2985,41306,2013,1,33,,,3
2986,41319,2013,1,33,,,1
2987,41349,2013,1,33,,,
2988,41357,2013,1,33,,,
2989,41359,2013,1,33,,,2
2990,41378,2013,1,33,,,
2991,41396,2013,1,33,,,8
2992,41483,2013,1,33,,,1
2993,41001,2013,1,33,,,33
2994,41503,2013,1,33,,,2
2995,41518,2013,1,33,,,
2996,41524,2013,1,33,,,2
2997,41530,2013,1,33,,,1
2998,41548,2013,1,33,,,2
2999,41551,2013,1,33,,,10
3000,41615,2013,1,33,,,
3001,41660,2013,1,33,,,
3002,41668,2013,1,33,,,3
3003,41676,2013,1,33,,,1
3004,41770,2013,1,33,,,3
3005,41791,2013,1,33,,,1
3006,41799,2013,1,33,,,
3007,41801,2013,1,33,,,1
3008,41797,2013,1,33,,,
3009,41807,2013,1,33,,,2
3010,41872,2013,1,33,,,
3011,41885,2013,1,33,,,2
3012,41006,2013,1,34,,,1
3013,41013,2013,1,34,,,
3014,41016,2013,1,34,,,2
3015,41020,2013,1,34,,,2
3016,41026,2013,1,34,,,
3017,41078,2013,1,34,,,1
3018,41132,2013,1,34,,,3
3019,41206,2013,1,34,,,
3020,41244,2013,1,34,,,
3021,41298,2013,1,34,,,3
3022,41306,2013,1,34,,,2
3023,41319,2013,1,34,,,1
3024,41349,2013,1,34,,,1
3025,41357,2013,1,34,,,1
3026,41359,2013,1,34,,,
3027,41378,2013,1,34,,,
3028,41396,2013,1,34,,,4
3029,41483,2013,1,34,,,
3030,41001,2013,1,34,,,19
3031,41503,2013,1,34,,,
3032,41518,2013,1,34,,,
3033,41524,2013,1,34,,,1
3034,41530,2013,1,34,,,1
3035,41548,2013,1,34,,,
3036,41551,2013,1,34,,,4
3037,41615,2013,1,34,,,
3038,41660,2013,1,34,,,
3039,41668,2013,1,34,,,
3040,41676,2013,1,34,,,
3041,41770,2013,1,34,,,1
3042,41791,2013,1,34,,,
3043,41799,2013,1,34,,,1
3044,41801,2013,1,34,,,1
3045,41797,2013,1,34,,,
3046,41807,2013,1,34,,,
3047,41872,2013,1,34,,,
3048,41885,2013,1,34,,,
3049,41006,2013,1,35,,,1
3050,41013,2013,1,35,,,
3051,41016,2013,1,35,,,1
3052,41020,2013,1,35,,,
3053,41026,2013,1,35,,,
3054,41078,2013,1,35,,,
3055,41132,2013,1,35,,,
3056,41206,2013,1,35,,,
3057,41244,2013,1,35,,,
3058,41298,2013,1,35,,,2
3059,41306,2013,1,35,,,1
3060,41319,2013,1,35,,,
3061,41349,2013,1,35,,,
3062,41357,2013,1,35,,,
3063,41359,2013,1,35,,,2
3064,41378,2013,1,35,,,
3065,41396,2013,1,35,,,4
3066,41483,2013,1,35,,,
3067,41001,2013,1,35,,,8
3068,41503,2013,1,35,,,
3069,41518,2013,1,35,,,1
3070,41524,2013,1,35,,,1
3071,41530,2013,1,35,,,
3072,41548,2013,1,35,,,
3073,41551,2013,1,35,,,5
3074,41615,2013,1,35,,,
3075,41660,2013,1,35,,,1
3076,41668,2013,1,35,,,4
3077,41676,2013,1,35,,,
3078,41770,2013,1,35,,,1
3079,41791,2013,1,35,,,1
3080,41799,2013,1,35,,,
3081,41801,2013,1,35,,,1
3082,41797,2013,1,35,,,
3083,41807,2013,1,35,,,
3084,41872,2013,1,35,,,
3085,41885,2013,1,35,,,
3086,41006,2013,1,36,,,
3087,41013,2013,1,36,,,
3088,41016,2013,1,36,,,2
3089,41020,2013,1,36,,,1
3090,41026,2013,1,36,,,
3091,41078,2013,1,36,,,
3092,41132,2013,1,36,,,
3093,41206,2013,1,36,,,
3094,41244,2013,1,36,,,
3095,41298,2013,1,36,,,
3096,41306,2013,1,36,,,
3097,41319,2013,1,36,,,2
3098,41349,2013,1,36,,,
3099,41357,2013,1,36,,,1
3100,41359,2013,1,36,,,
3101,41378,2013,1,36,,,
3102,41396,2013,1,36,,,
3103,41483,2013,1,36,,,
3104,41001,2013,1,36,,,10
3105,41503,2013,1,36,,,
3106,41518,2013,1,36,,,1
3107,41524,2013,1,36,,,
3108,41530,2013,1,36,,,
3109,41548,2013,1,36,,,
3110,41551,2013,1,36,,,4
3111,41615,2013,1,36,,,
3112,41660,2013,1,36,,,
3113,41668,2013,1,36,,,
3114,41676,2013,1,36,,,
3115,41770,2013,1,36,,,
3116,41791,2013,1,36,,,
3117,41799,2013,1,36,,,
3118,41801,2013,1,36,,,
3119,41797,2013,1,36,,,
3120,41807,2013,1,36,,,
3121,41872,2013,1,36,,,
3122,41885,2013,1,36,,,
3123,41006,2013,1,37,,,
3124,41013,2013,1,37,,,
3125,41016,2013,1,37,,,1
3126,41020,2013,1,37,,,
3127,41026,2013,1,37,,,
3128,41078,2013,1,37,,,
3129,41132,2013,1,37,,,
3130,41206,2013,1,37,,,2
3131,41244,2013,1,37,,,
3132,41298,2013,1,37,,,6
3133,41306,2013,1,37,,,1
3134,41319,2013,1,37,,,
3135,41349,2013,1,37,,,
3136,41357,2013,1,37,,,1
3137,41359,2013,1,37,,,1
3138,41378,2013,1,37,,,
3139,41396,2013,1,37,,,3
3140,41483,2013,1,37,,,
3141,41001,2013,1,37,,,6
3142,41503,2013,1,37,,,
3143,41518,2013,1,37,,,
3144,41524,2013,1,37,,,
3145,41530,2013,1,37,,,1
3146,41548,2013,1,37,,,
3147,41551,2013,1,37,,,3
3148,41615,2013,1,37,,,2
3149,41660,2013,1,37,,,1
3150,41668,2013,1,37,,,1
3151,41676,2013,1,37,,,
3152,41770,2013,1,37,,,2
3153,41791,2013,1,37,,,1
3154,41799,2013,1,37,,,1
3155,41801,2013,1,37,,,1
3156,41797,2013,1,37,,,
3157,41807,2013,1,37,,,1
3158,41872,2013,1,37,,,
3159,41885,2013,1,37,,,2
3160,41006,2013,1,38,,,
3161,41013,2013,1,38,,,
3162,41016,2013,1,38,,,1
3163,41020,2013,1,38,,,
3164,41026,2013,1,38,,,
3165,41078,2013,1,38,,,1
3166,41132,2013,1,38,,,2
3167,41206,2013,1,38,,,
3168,41244,2013,1,38,,,
3169,41298,2013,1,38,,,4
3170,41306,2013,1,38,,,1
3171,41319,2013,1,38,,,
3172,41349,2013,1,38,,,1
3173,41357,2013,1,38,,,
3174,41359,2013,1,38,,,
3175,41378,2013,1,38,,,
3176,41396,2013,1,38,,,2
3177,41483,2013,1,38,,,
3178,41001,2013,1,38,,,8
3179,41503,2013,1,38,,,
3180,41518,2013,1,38,,,
3181,41524,2013,1,38,,,
3182,41530,2013,1,38,,,1
3183,41548,2013,1,38,,,1
3184,41551,2013,1,38,,,5
3185,41615,2013,1,38,,,
3186,41660,2013,1,38,,,
3187,41668,2013,1,38,,,1
3188,41676,2013,1,38,,,
3189,41770,2013,1,38,,,
3190,41791,2013,1,38,,,2
3191,41799,2013,1,38,,,
3192,41801,2013,1,38,,,1
3193,41797,2013,1,38,,,
3194,41807,2013,1,38,,,2
3195,41872,2013,1,38,,,
3196,41885,2013,1,38,,,
3197,41006,2013,1,27,,,1
3198,41013,2013,1,27,,,
3199,41016,2013,1,27,,,1
3200,41020,2013,1,27,,,
3201,41026,2013,1,27,,,
3202,41078,2013,1,27,,,
3203,41132,2013,1,27,,,
3204,41206,2013,1,27,,,
3205,41244,2013,1,27,,,
3206,41298,2013,1,27,,,
3207,41306,2013,1,27,,,
3208,41319,2013,1,27,,,
3209,41349,2013,1,27,,,
3210,41357,2013,1,27,,,
3211,41359,2013,1,27,,,
3212,41378,2013,1,27,,,
3213,41396,2013,1,27,,,
3214,41483,2013,1,27,,,
3215,41001,2013,1,27,,,1
3216,41503,2013,1,27,,,
3217,41518,2013,1,27,,,
3218,41524,2013,1,27,,,
3219,41530,2013,1,27,,,
3220,41548,2013,1,27,,,
3221,41551,2013,1,27,,,
3222,41615,2013,1,27,,,
3223,41660,2013,1,27,,,
3224,41668,2013,1,27,,,
3225,41676,2013,1,27,,,
3226,41770,2013,1,27,,,
3227,41791,2013,1,27,,,
3228,41799,2013,1,27,,,
3229,41801,2013,1,27,,,
3230,41797,2013,1,27,,,
3231,41807,2013,1,27,,,
3232,41872,2013,1,27,,,
3233,41885,2013,1,27,,,
3234,41006,2013,1,28,,,
3235,41013,2013,1,28,,,2
3236,41016,2013,1,28,,,1
3237,41020,2013,1,28,,,1
3238,41026,2013,1,28,,,
3239,41078,2013,1,28,,,
3240,41132,2013,1,28,,,2
3241,41206,2013,1,28,,,1
3242,41244,2013,1,28,,,
3243,41298,2013,1,28,,,26
3244,41306,2013,1,28,,,7
3245,41319,2013,1,28,,,2
3246,41349,2013,1,28,,,
3247,41357,2013,1,28,,,
3248,41359,2013,1,28,,,
3249,41378,2013,1,28,,,1
3250,41396,2013,1,28,,,9
3251,41483,2013,1,28,,,
3252,41001,2013,1,28,,,41
3253,41503,2013,1,28,,,
3254,41518,2013,1,28,,,
3255,41524,2013,1,28,,,
3256,41530,2013,1,28,,,
3257,41548,2013,1,28,,,4
3258,41551,2013,1,28,,,3
3259,41615,2013,1,28,,,3
3260,41660,2013,1,28,,,
3261,41668,2013,1,28,,,
3262,41676,2013,1,28,,,1
3263,41770,2013,1,28,,,
3264,41791,2013,1,28,,,3
3265,41799,2013,1,28,,,1
3266,41801,2013,1,28,,,1
3267,41797,2013,1,28,,,1
3268,41807,2013,1,28,,,
3269,41872,2013,1,28,,,
3270,41885,2013,1,28,,,1
