pva_codigo,pva_codMunicipio,pva_anio,pva_tipo_poblacion,pva_poblacionMeta
1,41006,2015,8,719
2,41013,2015,8,161
3,41016,2015,8,317
4,41020,2015,8,377
5,41026,2015,8,41
6,41078,2015,8,106
7,41132,2015,8,604
8,41206,2015,8,110
9,41244,2015,8,56
10,41298,2015,8,1461
11,41306,2015,8,373
12,41319,2015,8,349
13,41349,2015,8,153
14,41357,2015,8,226
15,41359,2015,8,464
16,41378,2015,8,249
17,41396,2015,8,1114
18,41483,2015,8,108
19,41001,2015,8,7207
20,41503,2015,8,266
21,41518,2015,8,113
22,41524,2015,8,385
23,41530,2015,8,248
24,41548,2015,8,269
25,41551,2015,8,2619
26,41615,2015,8,314
27,41660,2015,8,252
28,41668,2015,8,603
29,41676,2015,8,220
30,41770,2015,8,381
31,41791,2015,8,308
32,41799,2015,8,188
33,41801,2015,8,162
34,41797,2015,8,196
35,41807,2015,8,343
36,41872,2015,8,85
37,41885,2015,8,120
38,41006,2015,10,756
39,41013,2015,10,163
40,41016,2015,10,308
41,41020,2015,10,390
42,41026,2015,10,44
43,41078,2015,10,94
44,41132,2015,10,640
45,41206,2015,10,122
46,41244,2015,10,51
47,41298,2015,10,1466
48,41306,2015,10,414
49,41319,2015,10,340
50,41349,2015,10,159
51,41357,2015,10,220
52,41359,2015,10,475
53,41378,2015,10,284
54,41396,2015,10,1130
55,41483,2015,10,125
56,41001,2015,10,7281
57,41503,2015,10,275
58,41518,2015,10,100
59,41524,2015,10,387
60,41530,2015,10,253
61,41548,2015,10,284
62,41551,2015,10,2452
63,41615,2015,10,331
64,41660,2015,10,265
65,41668,2015,10,594
66,41676,2015,10,242
67,41770,2015,10,386
68,41791,2015,10,314
69,41799,2015,10,194
70,41801,2015,10,184
71,41797,2015,10,156
72,41807,2015,10,357
73,41872,2015,10,98
74,41885,2015,10,118
75,41006,2015,13,662
76,41013,2015,13,185
77,41016,2015,13,317
78,41020,2015,13,440
79,41026,2015,13,50
80,41078,2015,13,139
81,41132,2015,13,551
82,41206,2015,13,145
83,41244,2015,13,65
84,41298,2015,13,1390
85,41306,2015,13,435
86,41319,2015,13,386
87,41349,2015,13,128
88,41357,2015,13,237
89,41359,2015,13,488
90,41378,2015,13,319
91,41396,2015,13,1237
92,41483,2015,13,114
93,41001,2015,13,6727
94,41503,2015,13,274
95,41518,2015,13,105
96,41524,2015,13,390
97,41530,2015,13,236
98,41548,2015,13,260
99,41551,2015,13,2500
100,41615,2015,13,340
101,41660,2015,13,270
102,41668,2015,13,575
103,41676,2015,13,216
104,41770,2015,13,359
105,41791,2015,13,326
106,41799,2015,13,193
107,41801,2015,13,210
108,41797,2015,13,159
109,41807,2015,13,390
110,41872,2015,13,109
111,41885,2015,13,122
112,41006,2014,8,735
113,41013,2014,8,172
114,41016,2014,8,308
115,41020,2014,8,372
116,41026,2014,8,46
117,41078,2014,8,122
118,41132,2014,8,603
119,41206,2014,8,147
120,41244,2014,8,69
121,41298,2014,8,1480
122,41306,2014,8,413
123,41319,2014,8,346
124,41349,2014,8,147
125,41357,2014,8,247
126,41359,2014,8,507
127,41378,2014,8,295
128,41396,2014,8,1133
129,41483,2014,8,133
130,41001,2014,8,7308
131,41503,2014,8,296
132,41518,2014,8,113
133,41524,2014,8,358
134,41530,2014,8,259
135,41548,2014,8,314
136,41551,2014,8,2669
137,41615,2014,8,314
138,41660,2014,8,265
139,41668,2014,8,604
140,41676,2014,8,231
141,41770,2014,8,391
142,41791,2014,8,318
143,41799,2014,8,193
144,41801,2014,8,170
145,41797,2014,8,196
146,41807,2014,8,416
147,41872,2014,8,98
148,41885,2014,8,133
149,41006,2014,10,716
150,41013,2014,10,171
151,41016,2014,10,308
152,41020,2014,10,366
153,41026,2014,10,44
154,41078,2014,10,120
155,41132,2014,10,603
156,41206,2014,10,145
157,41244,2014,10,71
158,41298,2014,10,1451
159,41306,2014,10,415
160,41319,2014,10,339
161,41349,2014,10,147
162,41357,2014,10,242
163,41359,2014,10,491
164,41378,2014,10,285
165,41396,2014,10,1220
166,41483,2014,10,128
167,41001,2014,10,7369
168,41503,2014,10,285
169,41518,2014,10,108
170,41524,2014,10,356
171,41530,2014,10,259
172,41548,2014,10,304
173,41551,2014,10,2647
174,41615,2014,10,322
175,41660,2014,10,291
176,41668,2014,10,598
177,41676,2014,10,230
178,41770,2014,10,381
179,41791,2014,10,310
180,41799,2014,10,189
181,41801,2014,10,170
182,41797,2014,10,194
183,41807,2014,10,412
184,41872,2014,10,99
185,41885,2014,10,131
186,41006,2014,13,664
187,41013,2014,13,163
188,41016,2014,13,317
189,41020,2014,13,483
190,41026,2014,13,50
191,41078,2014,13,137
192,41132,2014,13,570
193,41206,2014,13,150
194,41244,2014,13,57
195,41298,2014,13,1394
196,41306,2014,13,422
197,41319,2014,13,387
198,41349,2014,13,131
199,41357,2014,13,237
200,41359,2014,13,488
201,41378,2014,13,333
202,41396,2014,13,1246
203,41483,2014,13,114
204,41001,2014,13,6608
205,41503,2014,13,256
206,41518,2014,13,111
207,41524,2014,13,393
208,41530,2014,13,233
209,41548,2014,13,268
210,41551,2014,13,2588
211,41615,2014,13,344
212,41660,2014,13,271
213,41668,2014,13,579
214,41676,2014,13,225
215,41770,2014,13,367
216,41791,2014,13,340
217,41799,2014,13,207
218,41801,2014,13,168
219,41797,2014,13,198
220,41807,2014,13,400
221,41872,2014,13,109
222,41885,2014,13,126
223,41006,2013,8,750
224,41013,2013,8,172
225,41016,2013,8,324
226,41020,2013,8,390
227,41026,2013,8,46
228,41078,2013,8,119
229,41132,2013,8,681
230,41206,2013,8,147
231,41244,2013,8,69
232,41298,2013,8,1528
233,41306,2013,8,446
234,41319,2013,8,353
235,41349,2013,8,136
236,41357,2013,8,279
237,41359,2013,8,481
238,41378,2013,8,289
239,41396,2013,8,1131
240,41483,2013,8,122
241,41001,2013,8,7361
242,41503,2013,8,289
243,41518,2013,8,109
244,41524,2013,8,367
245,41530,2013,8,267
246,41548,2013,8,323
247,41551,2013,8,2572
248,41615,2013,8,316
249,41660,2013,8,286
250,41668,2013,8,600
251,41676,2013,8,185
252,41770,2013,8,379
253,41791,2013,8,348
254,41799,2013,8,200
255,41801,2013,8,206
256,41797,2013,8,151
257,41807,2013,8,445
258,41872,2013,8,100
259,41885,2013,8,141
260,41006,2013,10,721
261,41013,2013,10,163
262,41016,2013,10,331
263,41020,2013,10,395
264,41026,2013,10,49
265,41078,2013,10,117
266,41132,2013,10,688
267,41206,2013,10,132
268,41244,2013,10,70
269,41298,2013,10,1478
270,41306,2013,10,450
271,41319,2013,10,346
272,41349,2013,10,139
273,41357,2013,10,264
274,41359,2013,10,506
275,41378,2013,10,302
276,41396,2013,10,1261
277,41483,2013,10,120
278,41001,2013,10,7505
279,41503,2013,10,302
280,41518,2013,10,107
281,41524,2013,10,378
282,41530,2013,10,255
283,41548,2013,10,292
284,41551,2013,10,2525
285,41615,2013,10,321
286,41660,2013,10,251
287,41668,2013,10,591
288,41676,2013,10,192
289,41770,2013,10,366
290,41791,2013,10,345
291,41799,2013,10,205
292,41801,2013,10,206
293,41797,2013,10,160
294,41807,2013,10,444
295,41872,2013,10,99
296,41885,2013,10,147
297,41006,2013,13,692
298,41013,2013,13,165
299,41016,2013,13,334
300,41020,2013,13,453
301,41026,2013,13,42
302,41078,2013,13,173
303,41132,2013,13,684
304,41206,2013,13,140
305,41244,2013,13,66
306,41298,2013,13,1529
307,41306,2013,13,464
308,41319,2013,13,406
309,41349,2013,13,139
310,41357,2013,13,262
311,41359,2013,13,452
312,41378,2013,13,316
313,41396,2013,13,1287
314,41483,2013,13,111
315,41001,2013,13,7455
316,41503,2013,13,259
317,41518,2013,13,103
318,41524,2013,13,377
319,41530,2013,13,244
320,41548,2013,13,283
321,41551,2013,13,2501
322,41615,2013,13,324
323,41660,2013,13,295
324,41668,2013,13,651
325,41676,2013,13,233
326,41770,2013,13,363
327,41791,2013,13,389
328,41799,2013,13,203
329,41801,2013,13,234
330,41797,2013,13,171
331,41807,2013,13,431
332,41872,2013,13,124
333,41885,2013,13,134
334,41006,2010,8,784
335,41013,2010,8,208
336,41016,2010,8,505
337,41020,2010,8,542
338,41026,2010,8,90
339,41078,2010,8,201
340,41132,2010,8,657
341,41206,2010,8,252
342,41244,2010,8,91
343,41298,2010,8,1839
344,41306,2010,8,662
345,41319,2010,8,476
346,41349,2010,8,140
347,41357,2010,8,244
348,41359,2010,8,587
349,41378,2010,8,330
350,41396,2010,8,1371
351,41483,2010,8,154
352,41001,2010,8,5504
353,41503,2010,8,353
354,41518,2010,8,124
355,41524,2010,8,589
356,41530,2010,8,260
357,41548,2010,8,322
358,41551,2010,8,2433
359,41615,2010,8,353
360,41660,2010,8,291
361,41668,2010,8,649
362,41676,2010,8,250
363,41770,2010,8,403
364,41791,2010,8,416
365,41799,2010,8,345
366,41801,2010,8,185
367,41797,2010,8,193
368,41807,2010,8,446
369,41872,2010,8,162
370,41885,2010,8,154
371,41006,2010,10,774
372,41013,2010,10,207
373,41016,2010,10,511
374,41020,2010,10,547
375,41026,2010,10,90
376,41078,2010,10,199
377,41132,2010,10,659
378,41206,2010,10,249
379,41244,2010,10,91
380,41298,2010,10,1831
381,41306,2010,10,676
382,41319,2010,10,474
383,41349,2010,10,143
384,41357,2010,10,241
385,41359,2010,10,576
386,41378,2010,10,324
387,41396,2010,10,1363
388,41483,2010,10,147
389,41001,2010,10,5486
390,41503,2010,10,348
391,41518,2010,10,123
392,41524,2010,10,601
393,41530,2010,10,255
394,41548,2010,10,313
395,41551,2010,10,2434
396,41615,2010,10,357
397,41660,2010,10,289
398,41668,2010,10,637
399,41676,2010,10,250
400,41770,2010,10,401
401,41791,2010,10,420
402,41799,2010,10,344
403,41801,2010,10,185
404,41797,2010,10,194
405,41807,2010,10,445
406,41872,2010,10,165
407,41885,2010,10,151
408,41006,2010,14,809
409,41013,2010,14,215
410,41016,2010,14,521
411,41020,2010,14,559
412,41026,2010,14,93
413,41078,2010,14,207
414,41132,2010,14,678
415,41206,2010,14,260
416,41244,2010,14,94
417,41298,2010,14,1898
418,41306,2010,14,683
419,41319,2010,14,491
420,41349,2010,14,144
421,41357,2010,14,252
422,41359,2010,14,606
423,41378,2010,14,341
424,41396,2010,14,1415
425,41483,2010,14,159
426,41001,2010,14,5680
427,41503,2010,14,364
428,41518,2010,14,128
429,41524,2010,14,608
430,41530,2010,14,268
431,41548,2010,14,332
432,41551,2010,14,2511
433,41615,2010,14,364
434,41660,2010,14,300
435,41668,2010,14,670
436,41676,2010,14,258
437,41770,2010,14,416
438,41791,2010,14,429
439,41799,2010,14,356
440,41801,2010,14,191
441,41797,2010,14,199
442,41807,2010,14,460
443,41872,2010,14,167
444,41885,2010,14,159
445,41006,2009,8,774
446,41013,2009,8,209
447,41016,2009,8,504
448,41020,2009,8,562
449,41026,2009,8,88
450,41078,2009,8,207
451,41132,2009,8,661
452,41206,2009,8,248
453,41244,2009,8,90
454,41298,2009,8,1809
455,41306,2009,8,683
456,41319,2009,8,476
457,41349,2009,8,146
458,41357,2009,8,240
459,41359,2009,8,584
460,41378,2009,8,326
461,41396,2009,8,1364
462,41483,2009,8,146
463,41001,2009,8,5449
464,41503,2009,8,348
465,41518,2009,8,125
466,41524,2009,8,606
467,41530,2009,8,255
468,41548,2009,8,320
469,41551,2009,8,2451
470,41615,2009,8,361
471,41660,2009,8,293
472,41668,2009,8,634
473,41676,2009,8,254
474,41770,2009,8,402
475,41791,2009,8,431
476,41799,2009,8,354
477,41801,2009,8,189
478,41797,2009,8,195
479,41807,2009,8,455
480,41872,2009,8,178
481,41885,2009,8,152
482,41006,2009,10,765
483,41013,2009,10,207
484,41016,2009,10,504
485,41020,2009,10,557
486,41026,2009,10,88
487,41078,2009,10,203
488,41132,2009,10,662
489,41206,2009,10,246
490,41244,2009,10,90
491,41298,2009,10,1799
492,41306,2009,10,679
493,41319,2009,10,469
494,41349,2009,10,145
495,41357,2009,10,238
496,41359,2009,10,574
497,41378,2009,10,319
498,41396,2009,10,1354
499,41483,2009,10,144
500,41001,2009,10,5518
501,41503,2009,10,343
502,41518,2009,10,124
503,41524,2009,10,604
504,41530,2009,10,251
505,41548,2009,10,312
506,41551,2009,10,2446
507,41615,2009,10,358
508,41660,2009,10,289
509,41668,2009,10,632
510,41676,2009,10,251
511,41770,2009,10,395
512,41791,2009,10,431
513,41799,2009,10,354
514,41801,2009,10,189
515,41797,2009,10,195
516,41807,2009,10,454
517,41872,2009,10,175
518,41885,2009,10,150
519,41006,2009,14,799
520,41013,2009,14,216
521,41016,2009,14,520
522,41020,2009,14,580
523,41026,2009,14,91
524,41078,2009,14,214
525,41132,2009,14,682
526,41206,2009,14,256
527,41244,2009,14,93
528,41298,2009,14,1867
529,41306,2009,14,705
530,41319,2009,14,491
531,41349,2009,14,151
532,41357,2009,14,248
533,41359,2009,14,603
534,41378,2009,14,336
535,41396,2009,14,1408
536,41483,2009,14,151
537,41001,2009,14,5623
538,41503,2009,14,359
539,41518,2009,14,129
540,41524,2009,14,625
541,41530,2009,14,263
542,41548,2009,14,330
543,41551,2009,14,2529
544,41615,2009,14,373
545,41660,2009,14,302
546,41668,2009,14,654
547,41676,2009,14,262
548,41770,2009,14,415
549,41791,2009,14,445
550,41799,2009,14,201
551,41801,2009,14,365
552,41797,2009,14,195
553,41807,2009,14,470
554,41872,2009,14,184
555,41885,2009,14,157
556,41006,2008,8,765
557,41013,2008,8,207
558,41016,2008,8,494
559,41020,2008,8,566
560,41026,2008,8,88
561,41078,2008,8,207
562,41132,2008,8,666
563,41206,2008,8,246
564,41244,2008,8,90
565,41298,2008,8,1779
566,41306,2008,8,675
567,41319,2008,8,469
568,41349,2008,8,146
569,41357,2008,8,238
570,41359,2008,8,580
571,41378,2008,8,321
572,41396,2008,8,1351
573,41483,2008,8,145
574,41001,2008,8,5512
575,41503,2008,8,343
576,41518,2008,8,125
577,41524,2008,8,601
578,41530,2008,8,253
579,41548,2008,8,318
580,41551,2008,8,2431
581,41615,2008,8,360
582,41660,2008,8,293
583,41668,2008,8,632
584,41676,2008,8,253
585,41770,2008,8,392
586,41791,2008,8,431
587,41799,2008,8,197
588,41801,2008,8,353
589,41797,2008,8,190
590,41807,2008,8,461
591,41872,2008,8,182
592,41885,2008,8,151
593,41006,2008,10,758
594,41013,2008,10,206
595,41016,2008,10,496
596,41020,2008,10,560
597,41026,2008,10,87
598,41078,2008,10,206
599,41132,2008,10,668
600,41206,2008,10,244
601,41244,2008,10,88
602,41298,2008,10,1772
603,41306,2008,10,673
604,41319,2008,10,462
605,41349,2008,10,145
606,41357,2008,10,236
607,41359,2008,10,571
608,41378,2008,10,315
609,41396,2008,10,1345
610,41483,2008,10,142
611,41001,2008,10,5575
612,41503,2008,10,340
613,41518,2008,10,125
614,41524,2008,10,602
615,41530,2008,10,251
616,41548,2008,10,312
617,41551,2008,10,2429
618,41615,2008,10,358
619,41660,2008,10,288
620,41668,2008,10,630
621,41676,2008,10,251
622,41770,2008,10,387
623,41791,2008,10,428
624,41799,2008,10,197
625,41801,2008,10,350
626,41797,2008,10,189
627,41807,2008,10,458
628,41872,2008,10,181
629,41885,2008,10,150
630,41006,2008,14,580
631,41013,2008,14,219
632,41016,2008,14,299
633,41020,2008,14,542
634,41026,2008,14,69
635,41078,2008,14,208
636,41132,2008,14,695
637,41206,2008,14,227
638,41244,2008,14,64
639,41298,2008,14,1619
640,41306,2008,14,505
641,41319,2008,14,316
642,41349,2008,14,138
643,41357,2008,14,193
644,41359,2008,14,575
645,41378,2008,14,245
646,41396,2008,14,1002
647,41483,2008,14,152
648,41001,2008,14,8658
649,41503,2008,14,197
650,41518,2008,14,116
651,41524,2008,14,484
652,41530,2008,14,254
653,41548,2008,14,284
654,41551,2008,14,2485
655,41615,2008,14,361
656,41660,2008,14,210
657,41668,2008,14,652
658,41676,2008,14,224
659,41770,2008,14,213
660,41791,2008,14,336
661,41799,2008,14,193
662,41801,2008,14,374
663,41797,2008,14,171
664,41807,2008,14,596
665,41872,2008,14,176
666,41885,2008,14,152
667,41006,2007,8,890
668,41013,2007,8,186
669,41016,2007,8,495
670,41020,2007,8,552
671,41026,2007,8,76
672,41078,2007,8,224
673,41132,2007,8,660
674,41206,2007,8,246
675,41244,2007,8,80
676,41298,2007,8,1704
677,41306,2007,8,583
678,41319,2007,8,451
679,41349,2007,8,161
680,41357,2007,8,224
681,41359,2007,8,543
682,41378,2007,8,314
683,41396,2007,8,1217
684,41483,2007,8,134
685,41001,2007,8,5790
686,41503,2007,8,284
687,41518,2007,8,114
688,41524,2007,8,575
689,41530,2007,8,261
690,41548,2007,8,330
691,41551,2007,8,2459
692,41615,2007,8,380
693,41660,2007,8,287
694,41668,2007,8,730
695,41676,2007,8,262
696,41770,2007,8,418
697,41791,2007,8,409
698,41799,2007,8,206
699,41801,2007,8,276
700,41797,2007,8,188
701,41807,2007,8,431
702,41872,2007,8,138
703,41885,2007,8,182
704,41006,2007,10,863
705,41013,2007,10,189
706,41016,2007,10,484
707,41020,2007,10,587
708,41026,2007,10,77
709,41078,2007,10,222
710,41132,2007,10,634
711,41206,2007,10,245
712,41244,2007,10,83
713,41298,2007,10,1690
714,41306,2007,10,601
715,41319,2007,10,433
716,41349,2007,10,162
717,41357,2007,10,233
718,41359,2007,10,552
719,41378,2007,10,318
720,41396,2007,10,1220
721,41483,2007,10,133
722,41001,2007,10,5812
723,41503,2007,10,280
724,41518,2007,10,111
725,41524,2007,10,597
726,41530,2007,10,241
727,41548,2007,10,328
728,41551,2007,10,2489
729,41615,2007,10,373
730,41660,2007,10,283
731,41668,2007,10,727
732,41676,2007,10,258
733,41770,2007,10,410
734,41791,2007,10,393
735,41799,2007,10,209
736,41801,2007,10,266
737,41797,2007,10,194
738,41807,2007,10,430
739,41872,2007,10,141
740,41885,2007,10,183
741,41006,2006,8,546
742,41013,2006,8,214
743,41016,2006,8,296
744,41020,2006,8,534
745,41026,2006,8,66
746,41078,2006,8,207
747,41132,2006,8,686
748,41206,2006,8,227
749,41244,2006,8,62
750,41298,2006,8,1169
751,41306,2006,8,495
752,41319,2006,8,307
753,41349,2006,8,136
754,41357,2006,8,192
755,41359,2006,8,547
756,41378,2006,8,235
757,41396,2006,8,947
758,41483,2006,8,151
759,41001,2006,8,8310
760,41503,2006,8,190
761,41518,2006,8,116
762,41524,2006,8,482
763,41530,2006,8,246
764,41548,2006,8,282
765,41551,2006,8,1979
766,41615,2006,8,360
767,41660,2006,8,198
768,41668,2006,8,615
769,41676,2006,8,221
770,41770,2006,8,209
771,41791,2006,8,332
772,41799,2006,8,370
773,41801,2006,8,171
774,41797,2006,8,192
775,41807,2006,8,577
776,41872,2006,8,174
777,41885,2006,8,152
778,41006,2006,10,542
779,41013,2006,10,213
780,41016,2006,10,294
781,41020,2006,10,530
782,41026,2006,10,66
783,41078,2006,10,205
784,41132,2006,10,681
785,41206,2006,10,226
786,41244,2006,10,62
787,41298,2006,10,1161
788,41306,2006,10,492
789,41319,2006,10,305
790,41349,2006,10,135
791,41357,2006,10,191
792,41359,2006,10,543
793,41378,2006,10,233
794,41396,2006,10,940
795,41483,2006,10,150
796,41001,2006,10,8250
797,41503,2006,10,189
798,41518,2006,10,115
799,41524,2006,10,479
800,41530,2006,10,244
801,41548,2006,10,280
802,41551,2006,10,1965
803,41615,2006,10,357
804,41660,2006,10,196
805,41668,2006,10,610
806,41676,2006,10,219
807,41770,2006,10,207
808,41791,2006,10,329
809,41799,2006,10,367
810,41801,2006,10,170
811,41797,2006,10,191
812,41807,2006,10,573
813,41872,2006,10,173
814,41885,2006,10,151
815,41006,2006,14,580
816,41013,2006,14,219
817,41016,2006,14,299
818,41020,2006,14,542
819,41026,2006,14,69
820,41078,2006,14,208
821,41132,2006,14,695
822,41206,2006,14,227
823,41244,2006,14,64
824,41298,2006,14,1619
825,41306,2006,14,505
826,41319,2006,14,316
827,41349,2006,14,138
828,41357,2006,14,193
829,41359,2006,14,575
830,41378,2006,14,245
831,41396,2006,14,1002
832,41483,2006,14,152
833,41001,2006,14,8658
834,41503,2006,14,197
835,41518,2006,14,116
836,41524,2006,14,484
837,41530,2006,14,254
838,41548,2006,14,284
839,41551,2006,14,2485
840,41615,2006,14,361
841,41660,2006,14,210
842,41668,2006,14,652
843,41676,2006,14,224
844,41770,2006,14,213
845,41791,2006,14,336
846,41799,2006,14,374
847,41801,2006,14,171
848,41797,2006,14,193
849,41807,2006,14,596
850,41872,2006,14,176
851,41885,2006,14,152
852,41006,2004,8,546
853,41013,2004,8,214
854,41016,2004,8,296
855,41020,2004,8,534
856,41026,2004,8,66
857,41078,2004,8,207
858,41132,2004,8,686
859,41206,2004,8,227
860,41244,2004,8,62
861,41298,2004,8,1169
862,41306,2004,8,495
863,41319,2004,8,307
864,41349,2004,8,136
865,41357,2004,8,192
866,41359,2004,8,547
867,41378,2004,8,235
868,41396,2004,8,947
869,41483,2004,8,151
870,41001,2004,8,8310
871,41503,2004,8,190
872,41518,2004,8,116
873,41524,2004,8,482
874,41530,2004,8,246
875,41548,2004,8,282
876,41551,2004,8,1979
877,41615,2004,8,360
878,41660,2004,8,198
879,41668,2004,8,615
880,41676,2004,8,221
881,41770,2004,8,209
882,41791,2004,8,332
883,41799,2004,8,370
884,41801,2004,8,171
885,41797,2004,8,192
886,41807,2004,8,577
887,41872,2004,8,174
888,41885,2004,8,152
889,41006,2004,10,542
890,41013,2004,10,213
891,41016,2004,10,294
892,41020,2004,10,530
893,41026,2004,10,66
894,41078,2004,10,205
895,41132,2004,10,681
896,41206,2004,10,226
897,41244,2004,10,62
898,41298,2004,10,1161
899,41306,2004,10,492
900,41319,2004,10,305
901,41349,2004,10,135
902,41357,2004,10,191
903,41359,2004,10,543
904,41378,2004,10,233
905,41396,2004,10,940
906,41483,2004,10,150
907,41001,2004,10,8250
908,41503,2004,10,189
909,41518,2004,10,115
910,41524,2004,10,479
911,41530,2004,10,244
912,41548,2004,10,280
913,41551,2004,10,1965
914,41615,2004,10,357
915,41660,2004,10,196
916,41668,2004,10,610
917,41676,2004,10,219
918,41770,2004,10,207
919,41791,2004,10,329
920,41799,2004,10,367
921,41801,2004,10,170
922,41797,2004,10,191
923,41807,2004,10,573
924,41872,2004,10,173
925,41885,2004,10,151
926,41006,2004,14,580
927,41013,2004,14,219
928,41016,2004,14,299
929,41020,2004,14,542
930,41026,2004,14,69
931,41078,2004,14,208
932,41132,2004,14,695
933,41206,2004,14,227
934,41244,2004,14,64
935,41298,2004,14,1619
936,41306,2004,14,505
937,41319,2004,14,316
938,41349,2004,14,138
939,41357,2004,14,193
940,41359,2004,14,575
941,41378,2004,14,245
942,41396,2004,14,1002
943,41483,2004,14,152
944,41001,2004,14,8658
945,41503,2004,14,197
946,41518,2004,14,116
947,41524,2004,14,484
948,41530,2004,14,254
949,41548,2004,14,284
950,41551,2004,14,2485
951,41615,2004,14,361
952,41660,2004,14,210
953,41668,2004,14,652
954,41676,2004,14,224
955,41770,2004,14,213
956,41791,2004,14,336
957,41799,2004,14,374
958,41801,2004,14,171
959,41797,2004,14,193
960,41807,2004,14,596
961,41872,2004,14,176
962,41885,2004,14,152
963,41006,2003,8,8301
964,41013,2003,8,550
965,41016,2003,8,216
966,41020,2003,8,301
967,41026,2003,8,544
968,41078,2003,8,68
969,41132,2003,8,212
970,41206,2003,8,700
971,41244,2003,8,234
972,41298,2003,8,64
973,41306,2003,8,1194
974,41319,2003,8,507
975,41349,2003,8,313
976,41357,2003,8,139
977,41359,2003,8,197
978,41378,2003,8,551
979,41396,2003,8,238
980,41483,2003,8,968
981,41001,2003,8,152
982,41503,2003,8,194
983,41518,2003,8,118
984,41524,2003,8,491
985,41530,2003,8,247
986,41548,2003,8,288
987,41551,2003,8,1998
988,41615,2003,8,365
989,41660,2003,8,202
990,41668,2003,8,628
991,41676,2003,8,226
992,41770,2003,8,214
993,41791,2003,8,339
994,41799,2003,8,375
995,41801,2003,8,175
996,41797,2003,8,197
997,41807,2003,8,584
998,41872,2003,8,179
999,41885,2003,8,155
1000,41006,2003,10,8241
1001,41013,2003,10,546
1002,41016,2003,10,215
1003,41020,2003,10,299
1004,41026,2003,10,540
1005,41078,2003,10,67
1006,41132,2003,10,210
1007,41206,2003,10,695
1008,41244,2003,10,233
1009,41298,2003,10,64
1010,41306,2003,10,1186
1011,41319,2003,10,504
1012,41349,2003,10,311
1013,41357,2003,10,138
1014,41359,2003,10,195
1015,41378,2003,10,547
1016,41396,2003,10,236
1017,41483,2003,10,961
1018,41001,2003,10,151
1019,41503,2003,10,193
1020,41518,2003,10,117
1021,41524,2003,10,487
1022,41530,2003,10,245
1023,41548,2003,10,285
1024,41551,2003,10,1983
1025,41615,2003,10,362
1026,41660,2003,10,201
1027,41668,2003,10,623
1028,41676,2003,10,224
1029,41770,2003,10,212
1030,41791,2003,10,336
1031,41799,2003,10,372
1032,41801,2003,10,174
1033,41797,2003,10,195
1034,41807,2003,10,580
1035,41872,2003,10,177
1036,41885,2003,10,154
1037,41006,2003,14,8677
1038,41013,2003,14,566
1039,41016,2003,14,219
1040,41020,2003,14,306
1041,41026,2003,14,553
1042,41078,2003,14,69
1043,41132,2003,14,212
1044,41206,2003,14,706
1045,41244,2003,14,237
1046,41298,2003,14,67
1047,41306,2003,14,1672
1048,41319,2003,14,510
1049,41349,2003,14,318
1050,41357,2003,14,143
1051,41359,2003,14,200
1052,41378,2003,14,562
1053,41396,2003,14,244
1054,41483,2003,14,1085
1055,41001,2003,14,160
1056,41503,2003,14,201
1057,41518,2003,14,120
1058,41524,2003,14,495
1059,41530,2003,14,257
1060,41548,2003,14,291
1061,41551,2003,14,2550
1062,41615,2003,14,368
1063,41660,2003,14,211
1064,41668,2003,14,657
1065,41676,2003,14,227
1066,41770,2003,14,218
1067,41791,2003,14,344
1068,41799,2003,14,377
1069,41801,2003,14,176
1070,41797,2003,14,201
1071,41807,2003,14,609
1072,41872,2003,14,182
1073,41885,2003,14,157
1074,41006,2002,8,723
1075,41013,2002,8,267
1076,41016,2002,8,373
1077,41020,2002,8,676
1078,41026,2002,8,102
1079,41078,2002,8,273
1080,41132,2002,8,841
1081,41206,2002,8,264
1082,41244,2002,8,81
1083,41298,2002,8,1488
1084,41306,2002,8,612
1085,41319,2002,8,377
1086,41349,2002,8,168
1087,41357,2002,8,220
1088,41359,2002,8,677
1089,41378,2002,8,283
1090,41396,2002,8,1209
1091,41483,2002,8,187
1092,41001,2002,8,10119
1093,41503,2002,8,243
1094,41518,2002,8,132
1095,41524,2002,8,588
1096,41530,2002,8,240
1097,41548,2002,8,370
1098,41551,2002,8,2376
1099,41615,2002,8,482
1100,41660,2002,8,253
1101,41668,2002,8,756
1102,41676,2002,8,311
1103,41770,2002,8,304
1104,41791,2002,8,422
1105,41799,2002,8,511
1106,41801,2002,8,211
1107,41797,2002,8,246
1108,41807,2002,8,772
1109,41872,2002,8,216
1110,41885,2002,8,214
1111,41006,2002,10,641
1112,41013,2002,10,204
1113,41016,2002,10,328
1114,41020,2002,10,705
1115,41026,2002,10,83
1116,41078,2002,10,257
1117,41132,2002,10,744
1118,41206,2002,10,242
1119,41244,2002,10,63
1120,41298,2002,10,1501
1121,41306,2002,10,601
1122,41319,2002,10,320
1123,41349,2002,10,170
1124,41357,2002,10,230
1125,41359,2002,10,648
1126,41378,2002,10,311
1127,41396,2002,10,1156
1128,41483,2002,10,198
1129,41001,2002,10,8636
1130,41503,2002,10,303
1131,41518,2002,10,104
1132,41524,2002,10,572
1133,41530,2002,10,345
1134,41548,2002,10,336
1135,41551,2002,10,2270
1136,41615,2002,10,404
1137,41660,2002,10,255
1138,41668,2002,10,742
1139,41676,2002,10,277
1140,41770,2002,10,297
1141,41791,2002,10,378
1142,41799,2002,10,364
1143,41801,2002,10,179
1144,41797,2002,10,252
1145,41807,2002,10,566
1146,41872,2002,10,237
1147,41885,2002,10,167
1148,41006,2002,14,868
1149,41013,2002,14,320
1150,41016,2002,14,448
1151,41020,2002,14,811
1152,41026,2002,14,122
1153,41078,2002,14,328
1154,41132,2002,14,1009
1155,41206,2002,14,317
1156,41244,2002,14,97
1157,41298,2002,14,1786
1158,41306,2002,14,734
1159,41319,2002,14,452
1160,41349,2002,14,202
1161,41357,2002,14,264
1162,41359,2002,14,812
1163,41378,2002,14,340
1164,41396,2002,14,1451
1165,41483,2002,14,224
1166,41001,2002,14,12143
1167,41503,2002,14,292
1168,41518,2002,14,158
1169,41524,2002,14,706
1170,41530,2002,14,288
1171,41548,2002,14,444
1172,41551,2002,14,2851
1173,41615,2002,14,578
1174,41660,2002,14,304
1175,41668,2002,14,907
1176,41676,2002,14,373
1177,41770,2002,14,365
1178,41791,2002,14,506
1179,41799,2002,14,613
1180,41801,2002,14,253
1181,41797,2002,14,295
1182,41807,2002,14,926
1183,41872,2002,14,259
1184,41885,2002,14,257
1185,41006,2001,8,711
1186,41013,2001,8,265
1187,41016,2001,8,369
1188,41020,2001,8,671
1189,41026,2001,8,102
1190,41078,2001,8,273
1191,41132,2001,8,837
1192,41206,2001,8,266
1193,41244,2001,8,78
1194,41298,2001,8,1481
1195,41306,2001,8,611
1196,41319,2001,8,377
1197,41349,2001,8,166
1198,41357,2001,8,217
1199,41359,2001,8,665
1200,41378,2001,8,278
1201,41396,2001,8,1205
1202,41483,2001,8,186
1203,41001,2001,8,9852
1204,41503,2001,8,241
1205,41518,2001,8,132
1206,41524,2001,8,582
1207,41530,2001,8,236
1208,41548,2001,8,367
1209,41551,2001,8,2335
1210,41615,2001,8,476
1211,41660,2001,8,254
1212,41668,2001,8,753
1213,41676,2001,8,311
1214,41770,2001,8,303
1215,41791,2001,8,420
1216,41799,2001,8,505
1217,41801,2001,8,210
1218,41797,2001,8,244
1219,41807,2001,8,760
1220,41872,2001,8,215
1221,41885,2001,8,211
1222,41006,2001,10,630
1223,41013,2001,10,201
1224,41016,2001,10,324
1225,41020,2001,10,700
1226,41026,2001,10,83
1227,41078,2001,10,256
1228,41132,2001,10,740
1229,41206,2001,10,243
1230,41244,2001,10,64
1231,41298,2001,10,1493
1232,41306,2001,10,601
1233,41319,2001,10,319
1234,41349,2001,10,170
1235,41357,2001,10,229
1236,41359,2001,10,637
1237,41378,2001,10,306
1238,41396,2001,10,1153
1239,41483,2001,10,195
1240,41001,2001,10,8409
1241,41503,2001,10,302
1242,41518,2001,10,104
1243,41524,2001,10,268
1244,41530,2001,10,338
1245,41548,2001,10,334
1246,41551,2001,10,2234
1247,41615,2001,10,400
1248,41660,2001,10,255
1249,41668,2001,10,739
1250,41676,2001,10,276
1251,41770,2001,10,296
1252,41791,2001,10,376
1253,41799,2001,10,359
1254,41801,2001,10,179
1255,41797,2001,10,252
1256,41807,2001,10,559
1257,41872,2001,10,237
1258,41885,2001,10,167
1259,41006,2001,14,853
1260,41013,2001,14,318
1261,41016,2001,14,443
1262,41020,2001,14,805
1263,41026,2001,14,122
1264,41078,2001,14,328
1265,41132,2001,14,1004
1266,41206,2001,14,319
1267,41244,2001,14,94
1268,41298,2001,14,1777
1269,41306,2001,14,733
1270,41319,2001,14,452
1271,41349,2001,14,199
1272,41357,2001,14,260
1273,41359,2001,14,798
1274,41378,2001,14,334
1275,41396,2001,14,1446
1276,41483,2001,14,223
1277,41001,2001,14,11822
1278,41503,2001,14,289
1279,41518,2001,14,158
1280,41524,2001,14,698
1281,41530,2001,14,283
1282,41548,2001,14,440
1283,41551,2001,14,2802
1284,41615,2001,14,571
1285,41660,2001,14,305
1286,41668,2001,14,904
1287,41676,2001,14,373
1288,41770,2001,14,364
1289,41791,2001,14,504
1290,41799,2001,14,606
1291,41801,2001,14,252
1292,41797,2001,14,293
1293,41807,2001,14,912
1294,41872,2001,14,258
1295,41885,2001,14,253
