dou_codig,dou_anio,dou_universidad,dou_semestre,dou_nivel_educacion_superior,dou_programa,dou_categoria_personalU,dou_genero,dou_num_personalU
1,2014,2,1,5,6,1,1,3
2,2014,2,1,5,6,2,1,1
3,2014,2,1,5,6,3,1,13
4,2014,2,1,5,6,1,2,0
5,2014,2,1,5,6,2,2,0
6,2014,2,1,5,6,3,2,0
7,2014,2,1,5,1,1,1,0
8,2014,2,1,5,1,2,1,1
9,2014,2,1,5,1,3,1,13
10,2014,2,1,5,1,1,2,1
11,2014,2,1,5,1,2,2,0
12,2014,2,1,5,1,3,2,0
13,2014,2,1,5,41,1,1,16
14,2014,2,1,5,41,2,1,9
15,2014,2,1,5,41,3,1,28
16,2014,2,1,5,41,1,2,4
17,2014,2,1,5,41,2,2,2
18,2014,2,1,5,41,3,2,5
19,2014,2,1,5,45,1,1,14
20,2014,2,1,5,45,2,1,3
21,2014,2,1,5,45,3,1,26
22,2014,2,1,5,45,1,2,4
23,2014,2,1,5,45,2,2,1
24,2014,2,1,5,45,3,2,4
25,2014,2,1,5,20,1,1,3
26,2014,2,1,5,20,2,1,0
27,2014,2,1,5,20,3,1,26
28,2014,2,1,5,20,1,2,0
29,2014,2,1,5,20,2,2,0
30,2014,2,1,5,20,3,2,0
31,2014,2,1,5,34,1,1,3
32,2014,2,1,5,34,2,1,0
33,2014,2,1,5,34,3,1,5
34,2014,2,1,5,34,1,2,4
35,2014,2,1,5,34,2,2,0
36,2014,2,1,5,34,3,2,9
37,2014,2,1,5,44,1,1,3
38,2014,2,1,5,44,2,1,3
39,2014,2,1,5,44,3,1,7
40,2014,2,1,5,44,1,2,1
41,2014,2,1,5,44,2,2,0
42,2014,2,1,5,44,3,2,1
43,2014,2,1,5,76,1,1,0
44,2014,2,1,5,76,2,1,1
45,2014,2,1,5,76,3,1,4
46,2014,2,1,5,76,1,2,0
47,2014,2,1,5,76,2,2,0
48,2014,2,1,5,76,3,2,0
49,2014,2,1,5,77,1,1,0
50,2014,2,1,5,77,2,1,0
51,2014,2,1,5,77,3,1,9
52,2014,2,1,5,77,1,2,9
53,2014,2,1,5,77,2,2,9
54,2014,2,1,5,77,3,2,2
55,2014,2,1,5,78,1,1,0
56,2014,2,1,5,78,2,1,0
57,2014,2,1,5,78,3,1,3
58,2014,2,1,5,78,1,2,0
59,2014,2,1,5,78,2,2,0
60,2014,2,1,5,78,3,2,1
61,2014,2,1,6,49,1,1,0
62,2014,2,1,6,49,2,1,1
63,2014,2,1,6,49,3,1,0
64,2014,2,1,6,49,1,2,1
65,2014,2,1,6,49,2,2,0
66,2014,2,1,6,49,3,2,0
67,2014,2,1,6,48,1,1,0
68,2014,2,1,6,48,2,1,0
69,2014,2,1,6,48,3,1,0
70,2014,2,1,6,48,1,2,1
71,2014,2,1,6,48,2,2,1
72,2014,2,1,6,48,3,2,0
73,2014,2,2,5,6,1,1,3
74,2014,2,2,5,6,2,1,1
75,2014,2,2,5,6,3,1,12
76,2014,2,2,5,6,1,2,0
77,2014,2,2,5,6,2,2,0
78,2014,2,2,5,6,3,2,1
79,2014,2,2,5,1,1,1,0
80,2014,2,2,5,1,2,1,1
81,2014,2,2,5,1,3,1,3
82,2014,2,2,5,1,1,2,1
83,2014,2,2,5,1,2,2,0
84,2014,2,2,5,1,3,2,2
85,2014,2,2,5,41,1,1,15
86,2014,2,2,5,41,2,1,9
87,2014,2,2,5,41,3,1,29
88,2014,2,2,5,41,1,2,4
89,2014,2,2,5,41,2,2,2
90,2014,2,2,5,41,3,2,6
91,2014,2,2,5,45,1,1,14
92,2014,2,2,5,45,2,1,2
93,2014,2,2,5,45,3,1,26
94,2014,2,2,5,45,1,2,3
95,2014,2,2,5,45,2,2,1
96,2014,2,2,5,45,3,2,3
97,2014,2,2,5,20,1,1,4
98,2014,2,2,5,20,2,1,0
99,2014,2,2,5,20,3,1,7
100,2014,2,2,5,20,1,2,0
101,2014,2,2,5,20,2,2,0
102,2014,2,2,5,20,3,2,0
103,2014,2,2,5,34,1,1,3
104,2014,2,2,5,34,2,1,0
105,2014,2,2,5,34,3,1,5
106,2014,2,2,5,34,1,2,5
107,2014,2,2,5,34,2,2,0
108,2014,2,2,5,34,3,2,10
109,2014,2,2,5,44,1,1,3
110,2014,2,2,5,44,2,1,3
111,2014,2,2,5,44,3,1,7
112,2014,2,2,5,44,1,2,1
113,2014,2,2,5,44,2,2,0
114,2014,2,2,5,44,3,2,1
115,2014,2,2,5,76,1,1,0
116,2014,2,2,5,76,2,1,1
117,2014,2,2,5,76,3,1,2
118,2014,2,2,5,76,1,2,0
119,2014,2,2,5,76,2,2,0
120,2014,2,2,5,76,3,2,0
121,2014,2,2,5,77,1,1,0
122,2014,2,2,5,77,2,1,0
123,2014,2,2,5,77,3,1,9
124,2014,2,2,5,77,1,2,0
125,2014,2,2,5,77,2,2,0
126,2014,2,2,5,77,3,2,2
127,2014,2,2,5,78,1,1,0
128,2014,2,2,5,78,2,1,0
129,2014,2,2,5,78,3,1,2
130,2014,2,2,5,78,1,2,0
131,2014,2,2,5,78,2,2,0
132,2014,2,2,5,78,3,2,1
133,2014,2,2,6,49,1,1,0
134,2014,2,2,6,49,2,1,1
135,2014,2,2,6,49,3,1,0
136,2014,2,2,6,49,1,2,1
137,2014,2,2,6,49,2,2,0
138,2014,2,2,6,49,3,2,0
139,2014,2,2,6,48,1,1,0
140,2014,2,2,6,48,2,1,0
141,2014,2,2,6,48,3,1,0
142,2014,2,2,6,48,1,2,1
143,2014,2,2,6,48,2,2,1
144,2014,2,2,6,48,3,2,0
145,2014,1,1,5,,1,1,173
146,2014,1,1,5,,2,1,42
147,2014,1,1,5,,3,1,330
148,2014,1,1,5,,1,2,67
149,2014,1,1,5,,2,2,6
150,2014,1,1,5,,3,2,194
151,2014,1,2,5,,1,1,180
152,2014,1,2,5,,2,1,38
153,2014,1,2,5,,3,1,315
154,2014,1,2,5,,1,2,78
155,2014,1,2,5,,2,2,13
156,2014,1,2,5,,3,2,188
157,2014,1,1,6,,1,1,0
158,2014,1,1,6,,2,1,0
159,2014,1,1,6,,3,1,57
160,2014,1,1,6,,1,2,0
161,2014,1,1,6,,2,2,0
162,2014,1,1,6,,3,2,17
163,2014,1,2,6,,1,1,0
164,2014,1,2,6,,2,1,0
165,2014,1,2,6,,3,1,56
166,2014,1,2,6,,1,2,0
167,2014,1,2,6,,2,2,0
168,2014,1,2,6,,3,2,18
169,2014,3,1,5,,1,1,27
170,2014,3,1,5,,2,1,12
171,2014,3,1,5,,3,1,24
172,2014,3,1,5,,1,2,14
173,2014,3,1,5,,2,2,16
174,2014,3,1,5,,3,2,11
175,2014,3,2,5,,1,1,29
176,2014,3,2,5,,2,1,16
177,2014,3,2,5,,3,1,24
178,2014,3,2,5,,1,2,13
179,2014,3,2,5,,2,2,13
180,2014,3,2,5,,3,2,12
181,2014,3,1,6,,1,1,0
182,2014,3,1,6,,2,1,0
183,2014,3,1,6,,3,1,0
184,2014,3,1,6,,1,2,0
185,2014,3,1,6,,2,2,0
186,2014,3,1,6,,3,2,0
187,2014,3,2,6,,1,1,0
188,2014,3,2,6,,2,1,0
189,2014,3,2,6,,3,1,0
190,2014,3,2,6,,1,2,0
191,2014,3,2,6,,2,2,0
192,2014,3,2,6,,3,2,0
193,2014,4,1,5,79,1,1,3
194,2014,4,1,5,79,3,1,36
195,2014,4,1,5,79,1,2,1
196,2014,4,1,5,79,3,2,7
197,2014,4,1,5,80,1,1,2
198,2014,4,1,5,80,3,1,21
199,2014,4,1,5,80,1,2,0
200,2014,4,1,5,80,3,2,0
201,2014,4,1,5,81,1,1,2
202,2014,4,1,5,81,3,1,3
203,2014,4,1,5,81,1,2,0
204,2014,4,1,5,81,3,2,0
205,2014,4,1,5,82,1,1,0
206,2014,4,1,5,82,3,1,10
207,2014,4,1,5,82,1,2,0
208,2014,4,1,5,82,3,2,3
209,2014,4,1,5,83,1,1,2
210,2014,4,1,5,83,3,1,11
211,2014,4,1,5,83,1,2,0
212,2014,4,1,5,83,3,2,10
213,2014,4,1,5,84,1,1,0
214,2014,4,1,5,84,3,1,20
215,2014,4,1,5,84,1,2,0
216,2014,4,1,5,84,3,2,6
217,2014,4,1,5,85,1,1,4
218,2014,4,1,5,85,3,1,16
219,2014,4,1,5,85,1,2,2
220,2014,4,1,5,85,3,2,6
221,2014,4,1,5,86,1,1,7
222,2014,4,1,5,86,3,1,26
223,2014,4,1,5,86,1,2,4
224,2014,4,1,5,86,3,2,16
225,2014,4,1,5,44,1,1,5
226,2014,4,1,5,44,3,1,17
227,2014,4,1,5,44,1,2,1
228,2014,4,1,5,44,3,2,4
229,2014,4,1,5,45,1,1,23
230,2014,4,1,5,45,3,1,76
231,2014,4,1,5,45,1,2,9
232,2014,4,1,5,45,3,2,30
233,2014,4,1,6,87,1,1,0
234,2014,4,1,6,87,3,1,7
235,2014,4,1,6,87,1,2,0
236,2014,4,1,6,87,3,2,2
237,2014,4,2,5,79,1,1,3
238,2014,4,2,5,79,3,1,33
239,2014,4,2,5,79,1,2,1
240,2014,4,2,5,79,3,2,7
241,2014,4,2,5,80,1,1,2
242,2014,4,2,5,80,3,1,19
243,2014,4,2,5,80,1,2,0
244,2014,4,2,5,80,3,2,6
245,2014,4,2,5,81,1,1,2
246,2014,4,2,5,81,3,1,3
247,2014,4,2,5,81,1,2,0
248,2014,4,2,5,81,3,2,0
249,2014,4,2,5,82,1,1,0
250,2014,4,2,5,82,3,1,4
251,2014,4,2,5,82,1,2,0
252,2014,4,2,5,82,3,2,3
253,2014,4,2,5,83,1,1,2
254,2014,4,2,5,83,3,1,5
255,2014,4,2,5,83,1,2,0
256,2014,4,2,5,83,3,2,13
257,2014,4,2,5,84,1,1,0
258,2014,4,2,5,84,3,1,17
259,2014,4,2,5,84,1,2,0
260,2014,4,2,5,84,3,2,6
261,2014,4,2,5,85,1,1,5
262,2014,4,2,5,85,3,1,17
263,2014,4,2,5,85,1,2,2
264,2014,4,2,5,85,3,2,5
265,2014,4,2,5,86,1,1,8
266,2014,4,2,5,86,3,1,25
267,2014,4,2,5,86,1,2,4
268,2014,4,2,5,86,3,2,20
269,2014,4,2,5,44,1,1,5
270,2014,4,2,5,44,3,1,14
271,2014,4,2,5,44,1,2,1
272,2014,4,2,5,44,3,2,4
273,2014,4,2,5,45,1,1,18
274,2014,4,2,5,45,3,1,72
275,2014,4,2,5,45,1,2,7
276,2014,4,2,5,45,3,2,31
277,2014,4,2,6,87,1,1,0
278,2014,4,2,6,87,3,1,4
279,2014,4,2,6,87,1,2,0
280,2014,4,2,6,87,3,2,0
281,2013,1,1,5,,1,1,175
282,2013,1,1,5,,2,1,45
283,2013,1,1,5,,3,1,321
284,2013,1,1,5,,1,2,67
285,2013,1,1,5,,2,2,4
286,2013,1,1,5,,3,2,213
287,2013,1,2,5,,1,1,184
288,2013,1,2,5,,2,1,40
289,2013,1,2,5,,3,1,315
290,2013,1,2,5,,1,2,63
291,2013,1,2,5,,2,2,7
292,2013,1,2,5,,3,2,218
293,2013,1,1,6,,1,1,0
294,2013,1,1,6,,2,1,0
295,2013,1,1,6,,3,1,64
296,2013,1,1,6,,1,2,0
297,2013,1,1,6,,2,2,0
298,2013,1,1,6,,3,2,20
299,2013,1,2,6,,1,1,0
300,2013,1,2,6,,2,1,0
301,2013,1,2,6,,3,1,57
302,2013,1,2,6,,1,2,0
303,2013,1,2,6,,2,2,0
304,2013,1,2,6,,3,2,21
305,2013,2,1,5,1,1,1,0
306,2013,2,1,5,6,1,1,2
307,2013,2,1,5,44,1,1,4
308,2013,2,1,5,41,1,1,17
309,2013,2,1,5,45,1,1,14
310,2013,2,1,5,34,1,1,4
311,2013,2,1,5,20,1,1,4
312,2013,2,1,5,35,1,1,0
313,2013,2,1,5,47,1,1,1
314,2013,2,1,6,48,1,1,0
315,2013,2,1,6,49,1,1,0
316,2013,2,1,5,1,1,2,1
317,2013,2,1,5,6,1,2,0
318,2013,2,1,5,44,1,2,1
319,2013,2,1,5,41,1,2,4
320,2013,2,1,5,45,1,2,4
321,2013,2,1,5,34,1,2,4
322,2013,2,1,5,20,1,2,1
323,2013,2,1,5,35,1,2,0
324,2013,2,1,5,47,1,2,0
325,2013,2,1,6,48,1,2,1
326,2013,2,1,6,49,1,2,1
327,2013,2,1,5,1,2,1,1
328,2013,2,1,5,6,2,1,3
329,2013,2,1,5,44,2,1,2
330,2013,2,1,5,41,2,1,11
331,2013,2,1,5,45,2,1,11
332,2013,2,1,5,34,2,1,0
333,2013,2,1,5,20,2,1,0
334,2013,2,1,5,35,2,1,1
335,2013,2,1,5,47,2,1,0
336,2013,2,1,6,48,2,1,0
337,2013,2,1,6,49,2,1,0
338,2013,2,1,5,1,2,2,0
339,2013,2,1,5,6,2,2,0
340,2013,2,1,5,44,2,2,0
341,2013,2,1,5,41,2,2,3
342,2013,2,1,5,45,2,2,3
343,2013,2,1,5,34,2,2,0
344,2013,2,1,5,20,2,2,0
345,2013,2,1,5,35,2,2,0
346,2013,2,1,5,47,2,2,0
347,2013,2,1,6,48,2,2,0
348,2013,2,1,6,49,2,2,0
349,2013,2,1,5,1,3,1,1
350,2013,2,1,5,6,3,1,14
351,2013,2,1,5,44,3,1,4
352,2013,2,1,5,41,3,1,23
353,2013,2,1,5,45,3,1,31
354,2013,2,1,5,34,3,1,2
355,2013,2,1,5,20,3,1,4
356,2013,2,1,5,35,3,1,0
357,2013,2,1,5,47,3,1,6
358,2013,2,1,6,48,3,1,0
359,2013,2,1,6,49,3,1,0
360,2013,2,1,5,1,3,2,2
361,2013,2,1,5,6,3,2,1
362,2013,2,1,5,44,3,2,1
363,2013,2,1,5,41,3,2,4
364,2013,2,1,5,45,3,2,3
365,2013,2,1,5,34,3,2,10
366,2013,2,1,5,20,3,2,0
367,2013,2,1,5,35,3,2,0
368,2013,2,1,5,47,3,2,0
369,2013,2,1,6,48,3,2,0
370,2013,2,1,6,49,3,2,0
371,2013,2,2,5,1,1,1,0
372,2013,2,2,5,6,1,1,2
373,2013,2,2,5,44,1,1,4
374,2013,2,2,5,41,1,1,17
375,2013,2,2,5,45,1,1,17
376,2013,2,2,5,34,1,1,4
377,2013,2,2,5,20,1,1,0
378,2013,2,2,5,35,1,1,0
379,2013,2,2,5,47,1,1,1
380,2013,2,2,6,48,1,1,0
381,2013,2,2,6,49,1,1,0
382,2013,2,2,5,1,1,2,1
383,2013,2,2,5,6,1,2,0
384,2013,2,2,5,44,1,2,1
385,2013,2,2,5,41,1,2,3
386,2013,2,2,5,45,1,2,3
387,2013,2,2,5,34,1,2,4
388,2013,2,2,5,20,1,2,0
389,2013,2,2,5,35,1,2,0
390,2013,2,2,5,47,1,2,0
391,2013,2,2,6,48,1,2,1
392,2013,2,2,6,49,1,2,1
393,2013,2,2,5,1,2,1,1
394,2013,2,2,5,6,2,1,3
395,2013,2,2,5,44,2,1,2
396,2013,2,2,5,41,2,1,8
397,2013,2,2,5,45,2,1,8
398,2013,2,2,5,34,2,1,0
399,2013,2,2,5,20,2,1,0
400,2013,2,2,5,35,2,1,0
401,2013,2,2,5,47,2,1,0
402,2013,2,2,6,48,2,1,0
403,2013,2,2,6,49,2,1,0
404,2013,2,2,5,1,2,2,0
405,2013,2,2,5,6,2,2,0
406,2013,2,2,5,44,2,2,0
407,2013,2,2,5,41,2,2,3
408,2013,2,2,5,45,2,2,3
409,2013,2,2,5,34,2,2,0
410,2013,2,2,5,20,2,2,0
411,2013,2,2,5,35,2,2,0
412,2013,2,2,5,47,2,2,0
413,2013,2,2,6,48,2,2,0
414,2013,2,2,6,49,2,2,0
415,2013,2,2,5,1,3,1,1
416,2013,2,2,5,6,3,1,14
417,2013,2,2,5,44,3,1,4
418,2013,2,2,5,41,3,1,23
419,2013,2,2,5,45,3,1,31
420,2013,2,2,5,34,3,1,2
421,2013,2,2,5,20,3,1,0
422,2013,2,2,5,35,3,1,0
423,2013,2,2,5,47,3,1,6
424,2013,2,2,6,48,3,1,0
425,2013,2,2,6,49,3,1,0
426,2013,2,2,5,1,3,2,2
427,2013,2,2,5,6,3,2,1
428,2013,2,2,5,44,3,2,1
429,2013,2,2,5,41,3,2,4
430,2013,2,2,5,45,3,2,1
431,2013,2,2,5,34,3,2,10
432,2013,2,2,5,20,3,2,0
433,2013,2,2,5,35,3,2,0
434,2013,2,2,5,47,3,2,0
435,2013,2,2,6,48,3,2,0
436,2013,2,2,6,49,3,2,0
437,2013,3,1,5,,1,1,20
438,2013,3,1,6,,1,1,0
439,2013,3,1,5,,1,2,15
440,2013,3,1,6,,1,2,0
441,2013,3,1,5,,2,1,16
442,2013,3,1,6,,2,1,0
443,2013,3,1,5,,2,2,13
444,2013,3,1,6,,2,2,0
445,2013,3,1,5,,3,1,26
446,2013,3,1,6,,3,1,0
447,2013,3,1,5,,3,2,41
448,2013,3,1,6,,3,2,0
449,2013,3,2,5,,1,1,19
450,2013,3,2,6,,1,1,0
451,2013,3,2,5,,1,2,25
452,2013,3,2,6,,1,2,0
453,2013,3,2,5,,2,1,12
454,2013,3,2,6,,2,1,0
455,2013,3,2,5,,2,2,16
456,2013,3,2,6,,2,2,0
457,2013,3,2,5,,3,1,14
458,2013,3,2,6,,3,1,0
459,2013,3,2,5,,3,2,25
460,2013,3,2,6,,3,2,0
461,2013,4,1,5,79,1,1,1
462,2013,4,1,5,80,1,1,2
463,2013,4,1,5,81,1,1,2
464,2013,4,1,5,82,1,1,0
465,2013,4,1,5,86,1,1,4
466,2013,4,1,5,44,1,1,4
467,2013,4,1,5,45,1,1,21
468,2013,4,1,5,85,1,1,5
469,2013,4,1,5,83,1,1,2
470,2013,4,1,5,84,1,1,0
471,2013,4,1,5,79,1,2,1
472,2013,4,1,5,80,1,2,0
473,2013,4,1,5,81,1,2,0
474,2013,4,1,5,82,1,2,0
475,2013,4,1,5,86,1,2,3
476,2013,4,1,5,44,1,2,1
477,2013,4,1,5,45,1,2,7
478,2013,4,1,5,85,1,2,2
479,2013,4,1,5,83,1,2,1
480,2013,4,1,5,84,1,2,0
481,2013,4,1,5,79,3,1,29
482,2013,4,1,5,80,3,1,16
483,2013,4,1,5,81,3,1,7
484,2013,4,1,5,82,3,1,6
485,2013,4,1,5,86,3,1,24
486,2013,4,1,5,44,3,1,17
487,2013,4,1,5,45,3,1,57
488,2013,4,1,5,85,3,1,10
489,2013,4,1,5,83,3,1,14
490,2013,4,1,5,84,3,1,17
491,2013,4,1,5,79,3,2,6
492,2013,4,1,5,80,3,2,5
493,2013,4,1,5,81,3,2,1
494,2013,4,1,5,82,3,2,3
495,2013,4,1,5,86,3,2,12
496,2013,4,1,5,44,3,2,2
497,2013,4,1,5,45,3,2,23
498,2013,4,1,5,85,3,2,5
499,2013,4,1,5,83,3,2,9
500,2013,4,1,5,84,3,2,4
501,2013,4,2,5,79,1,1,3
502,2013,4,2,5,80,1,1,2
503,2013,4,2,5,81,1,1,2
504,2013,4,2,5,82,1,1,0
505,2013,4,2,5,86,1,1,6
506,2013,4,2,5,44,1,1,5
507,2013,4,2,5,45,1,1,23
508,2013,4,2,5,85,1,1,4
509,2013,4,2,5,83,1,1,2
510,2013,4,2,5,84,1,1,0
511,2013,4,2,5,79,1,2,1
512,2013,4,2,5,80,1,2,0
513,2013,4,2,5,81,1,2,0
514,2013,4,2,5,82,1,2,0
515,2013,4,2,5,86,1,2,4
516,2013,4,2,5,44,1,2,1
517,2013,4,2,5,45,1,2,9
518,2013,4,2,5,85,1,2,2
519,2013,4,2,5,83,1,2,1
520,2013,4,2,5,84,1,2,0
521,2013,4,2,5,79,3,1,26
522,2013,4,2,5,80,3,1,14
523,2013,4,2,5,81,3,1,1
524,2013,4,2,5,82,3,1,9
525,2013,4,2,5,86,3,1,28
526,2013,4,2,5,44,3,1,13
527,2013,4,2,5,45,3,1,62
528,2013,4,2,5,85,3,1,16
529,2013,4,2,5,83,3,1,11
530,2013,4,2,5,84,3,1,19
531,2013,4,2,5,79,3,2,3
532,2013,4,2,5,80,3,2,8
533,2013,4,2,5,81,3,2,0
534,2013,4,2,5,82,3,2,4
535,2013,4,2,5,86,3,2,8
536,2013,4,2,5,44,3,2,3
537,2013,4,2,5,45,3,2,28
538,2013,4,2,5,85,3,2,5
539,2013,4,2,5,83,3,2,10
540,2013,4,2,5,84,3,2,5
541,2013,5,1,5,1,1,1,0
542,2013,5,1,5,82,1,1,0
543,2013,5,1,5,35,1,1,0
544,2013,5,1,5,6,1,1,0
545,2013,5,1,5,46,1,1,0
546,2013,5,1,5,100,1,1,0
547,2013,5,1,5,102,1,1,0
548,2013,5,1,5,84,1,1,1
549,2013,5,1,5,1,1,2,1
550,2013,5,1,5,82,1,2,0
551,2013,5,1,5,35,1,2,0
552,2013,5,1,5,6,1,2,0
553,2013,5,1,5,46,1,2,0
554,2013,5,1,5,100,1,2,0
555,2013,5,1,5,102,1,2,0
556,2013,5,1,5,84,1,2,0
557,2013,5,1,5,1,2,1,6
558,2013,5,1,5,82,2,1,0
559,2013,5,1,5,35,2,1,2
560,2013,5,1,5,6,2,1,1
561,2013,5,1,5,46,2,1,1
562,2013,5,1,5,100,2,1,0
563,2013,5,1,5,102,2,1,0
564,2013,5,1,5,84,2,1,3
565,2013,5,1,5,1,2,2,1
566,2013,5,1,5,82,2,2,0
567,2013,5,1,5,35,2,2,2
568,2013,5,1,5,6,2,2,1
569,2013,5,1,5,46,2,2,1
570,2013,5,1,5,100,2,2,2
571,2013,5,1,5,102,2,2,0
572,2013,5,1,5,84,2,2,2
573,2013,5,1,5,1,3,1,5
574,2013,5,1,5,82,3,1,0
575,2013,5,1,5,35,3,1,2
576,2013,5,1,5,6,3,1,3
577,2013,5,1,5,46,3,1,3
578,2013,5,1,5,100,3,1,1
579,2013,5,1,5,102,3,1,0
580,2013,5,1,5,84,3,1,5
581,2013,5,1,5,1,3,2,2
582,2013,5,1,5,82,3,2,0
583,2013,5,1,5,35,3,2,2
584,2013,5,1,5,6,3,2,1
585,2013,5,1,5,46,3,2,4
586,2013,5,1,5,100,3,2,0
587,2013,5,1,5,102,3,2,0
588,2013,5,1,5,84,3,2,2
589,2013,5,2,5,1,1,1,0
590,2013,5,2,5,82,1,1,0
591,2013,5,2,5,35,1,1,0
592,2013,5,2,5,6,1,1,0
593,2013,5,2,5,46,1,1,1
594,2013,5,2,5,100,1,1,0
595,2013,5,2,5,102,1,1,0
596,2013,5,2,5,84,1,1,2
597,2013,5,2,5,1,1,2,1
598,2013,5,2,5,82,1,2,0
599,2013,5,2,5,35,1,2,0
600,2013,5,2,5,6,1,2,0
601,2013,5,2,5,46,1,2,0
602,2013,5,2,5,100,1,2,0
603,2013,5,2,5,102,1,2,0
604,2013,5,2,5,84,1,2,1
605,2013,5,2,5,1,2,1,4
606,2013,5,2,5,82,2,1,0
607,2013,5,2,5,35,2,1,2
608,2013,5,2,5,6,2,1,1
609,2013,5,2,5,46,2,1,0
610,2013,5,2,5,100,2,1,0
611,2013,5,2,5,102,2,1,0
612,2013,5,2,5,84,2,1,3
613,2013,5,2,5,1,2,2,1
614,2013,5,2,5,82,2,2,0
615,2013,5,2,5,35,2,2,3
616,2013,5,2,5,6,2,2,0
617,2013,5,2,5,46,2,2,1
618,2013,5,2,5,100,2,2,1
619,2013,5,2,5,102,2,2,0
620,2013,5,2,5,84,2,2,0
621,2013,5,2,5,1,3,1,8
622,2013,5,2,5,82,3,1,1
623,2013,5,2,5,35,3,1,3
624,2013,5,2,5,6,3,1,6
625,2013,5,2,5,46,3,1,4
626,2013,5,2,5,100,3,1,1
627,2013,5,2,5,102,3,1,0
628,2013,5,2,5,84,3,1,4
629,2013,5,2,5,1,3,2,7
630,2013,5,2,5,82,3,2,0
631,2013,5,2,5,35,3,2,1
632,2013,5,2,5,6,3,2,3
633,2013,5,2,5,46,3,2,2
634,2013,5,2,5,100,3,2,2
635,2013,5,2,5,102,3,2,0
636,2013,5,2,5,84,3,2,0
637,2013,6,1,5,,1,1,0
638,2013,6,1,5,,1,2,0
639,2013,6,1,5,,2,1,0
640,2013,6,1,5,,2,2,0
641,2013,6,1,5,,3,1,24
642,2013,6,1,5,,3,2,8
643,2013,6,2,5,,1,1,0
644,2013,6,2,5,,1,2,0
645,2013,6,2,5,,2,1,0
646,2013,6,2,5,,2,2,0
647,2013,6,2,5,,3,1,21
648,2013,6,2,5,,3,2,7
649,2013,7,1,6,227,1,1,0
650,2013,7,1,6,228,1,1,0
651,2013,7,1,6,227,1,2,0
652,2013,7,1,6,228,1,2,0
653,2013,7,1,6,227,2,1,0
654,2013,7,1,6,228,2,1,0
655,2013,7,1,6,227,2,2,0
656,2013,7,1,6,228,2,2,0
657,2013,7,1,6,227,3,1,13
658,2013,7,1,6,228,3,1,4
659,2013,7,1,6,227,3,2,1
660,2013,7,1,6,228,3,2,2
661,2013,7,2,6,227,1,1,0
662,2013,7,2,6,228,1,1,0
663,2013,7,2,6,227,1,2,0
664,2013,7,2,6,228,1,2,0
665,2013,7,2,6,227,2,1,0
666,2013,7,2,6,228,2,1,0
667,2013,7,2,6,227,2,2,0
668,2013,7,2,6,228,2,2,0
669,2013,7,2,6,227,3,1,6
670,2013,7,2,6,228,3,1,1
671,2013,7,2,6,227,3,2,2
672,2013,7,2,6,228,3,2,0
673,2013,8,1,6,,1,1,1
674,2013,8,1,6,,1,2,1
675,2013,8,1,6,,2,1,0
676,2013,8,1,6,,2,2,0
677,2013,8,1,6,,3,1,38
678,2013,8,1,6,,3,2,3
679,2013,8,2,6,,1,1,1
680,2013,8,2,6,,1,2,1
681,2013,8,2,6,,2,1,0
682,2013,8,2,6,,2,2,0
683,2013,8,2,6,,3,1,38
684,2013,8,2,6,,3,2,3
685,2013,10,1,5,27,1,1,0
686,2013,10,1,5,28,1,1,0
687,2013,10,1,5,30,1,1,0
688,2013,10,1,5,141,1,1,0
689,2013,10,1,5,142,1,1,0
690,2013,10,1,5,143,1,1,0
691,2013,10,1,5,144,1,1,0
692,2013,10,1,5,145,1,1,0
693,2013,10,1,5,146,1,1,0
694,2013,10,1,5,147,1,1,0
695,2013,10,1,5,148,1,1,0
696,2013,10,1,5,149,1,1,0
697,2013,10,1,5,1,1,1,0
698,2013,10,1,5,81,1,1,0
699,2013,10,1,5,150,1,1,0
700,2013,10,1,5,27,1,2,0
701,2013,10,1,5,28,1,2,0
702,2013,10,1,5,30,1,2,0
703,2013,10,1,5,141,1,2,0
704,2013,10,1,5,142,1,2,0
705,2013,10,1,5,143,1,2,0
706,2013,10,1,5,144,1,2,0
707,2013,10,1,5,145,1,2,0
708,2013,10,1,5,146,1,2,0
709,2013,10,1,5,147,1,2,0
710,2013,10,1,5,148,1,2,0
711,2013,10,1,5,149,1,2,0
712,2013,10,1,5,1,1,2,0
713,2013,10,1,5,81,1,2,0
714,2013,10,1,5,150,1,2,0
715,2013,10,1,5,27,3,1,1
716,2013,10,1,5,28,3,1,0
717,2013,10,1,5,30,3,1,1
718,2013,10,1,5,141,3,1,0
719,2013,10,1,5,142,3,1,1
720,2013,10,1,5,143,3,1,0
721,2013,10,1,5,144,3,1,1
722,2013,10,1,5,145,3,1,0
723,2013,10,1,5,146,3,1,1
724,2013,10,1,5,147,3,1,0
725,2013,10,1,5,148,3,1,1
726,2013,10,1,5,149,3,1,1
727,2013,10,1,5,1,3,1,1
728,2013,10,1,5,81,3,1,1
729,2013,10,1,5,150,3,1,1
730,2013,10,1,5,27,3,2,0
731,2013,10,1,5,28,3,2,1
732,2013,10,1,5,30,3,2,0
733,2013,10,1,5,141,3,2,1
734,2013,10,1,5,142,3,2,0
735,2013,10,1,5,143,3,2,0
736,2013,10,1,5,144,3,2,0
737,2013,10,1,5,145,3,2,1
738,2013,10,1,5,146,3,2,1
739,2013,10,1,5,147,3,2,1
740,2013,10,1,5,148,3,2,0
741,2013,10,1,5,149,3,2,0
742,2013,10,1,5,1,3,2,0
743,2013,10,1,5,81,3,2,0
744,2013,10,1,5,150,3,2,0
745,2013,10,2,5,27,1,1,0
746,2013,10,2,5,28,1,1,0
747,2013,10,2,5,30,1,1,0
748,2013,10,2,5,141,1,1,0
749,2013,10,2,5,142,1,1,0
750,2013,10,2,5,143,1,1,0
751,2013,10,2,5,144,1,1,0
752,2013,10,2,5,145,1,1,0
753,2013,10,2,5,146,1,1,0
754,2013,10,2,5,147,1,1,0
755,2013,10,2,5,148,1,1,0
756,2013,10,2,5,149,1,1,0
757,2013,10,2,5,1,1,1,0
758,2013,10,2,5,81,1,1,0
759,2013,10,2,5,150,1,1,0
760,2013,10,2,5,27,1,2,0
761,2013,10,2,5,28,1,2,0
762,2013,10,2,5,30,1,2,0
763,2013,10,2,5,141,1,2,0
764,2013,10,2,5,142,1,2,0
765,2013,10,2,5,143,1,2,0
766,2013,10,2,5,144,1,2,0
767,2013,10,2,5,145,1,2,0
768,2013,10,2,5,146,1,2,0
769,2013,10,2,5,147,1,2,0
770,2013,10,2,5,148,1,2,0
771,2013,10,2,5,149,1,2,0
772,2013,10,2,5,1,1,2,0
773,2013,10,2,5,81,1,2,0
774,2013,10,2,5,150,1,2,0
775,2013,10,2,5,27,3,1,1
776,2013,10,2,5,28,3,1,0
777,2013,10,2,5,30,3,1,1
778,2013,10,2,5,141,3,1,0
779,2013,10,2,5,142,3,1,1
780,2013,10,2,5,143,3,1,0
781,2013,10,2,5,144,3,1,1
782,2013,10,2,5,145,3,1,0
783,2013,10,2,5,146,3,1,1
784,2013,10,2,5,147,3,1,0
785,2013,10,2,5,148,3,1,1
786,2013,10,2,5,149,3,1,1
787,2013,10,2,5,1,3,1,1
788,2013,10,2,5,81,3,1,1
789,2013,10,2,5,150,3,1,1
790,2013,10,2,5,27,3,2,0
791,2013,10,2,5,28,3,2,1
792,2013,10,2,5,30,3,2,0
793,2013,10,2,5,141,3,2,1
794,2013,10,2,5,142,3,2,0
795,2013,10,2,5,143,3,2,0
796,2013,10,2,5,144,3,2,0
797,2013,10,2,5,145,3,2,1
798,2013,10,2,5,146,3,2,1
799,2013,10,2,5,147,3,2,1
800,2013,10,2,5,148,3,2,0
801,2013,10,2,5,149,3,2,0
802,2013,10,2,5,1,3,2,0
803,2013,10,2,5,81,3,2,0
804,2013,10,2,5,150,3,2,0
805,2012,2,,5,81,1,,0
806,2012,2,,5,6,1,,1
807,2012,2,,5,44,1,,7
808,2012,2,,5,41,1,,15
809,2012,2,,5,45,1,,13
810,2012,2,,5,34,1,,11
811,2012,2,,5,20,1,,8
812,2012,2,,5,35,1,,2
813,2012,2,,6,48,1,,2
814,2012,2,,6,49,1,,2
815,2012,2,,5,81,2,,2
816,2012,2,,5,6,2,,5
817,2012,2,,5,44,2,,3
818,2012,2,,5,41,2,,16
819,2012,2,,5,45,2,,6
820,2012,2,,5,34,2,,0
821,2012,2,,5,20,2,,1
822,2012,2,,5,35,2,,0
823,2012,2,,6,48,2,,1
824,2012,2,,6,49,2,,1
825,2012,2,,5,81,3,,8
826,2012,2,,5,6,3,,15
827,2012,2,,5,44,3,,7
828,2012,2,,5,41,3,,43
829,2012,2,,5,45,3,,21
830,2012,2,,5,34,3,,10
831,2012,2,,5,20,3,,5
832,2012,2,,5,35,3,,0
833,2012,2,,6,48,3,,0
834,2012,2,,6,49,3,,0
835,2012,3,,5,1,1,,0
836,2012,3,,5,93,1,,0
837,2012,3,,5,94,1,,0
838,2012,3,,5,6,1,,0
839,2012,3,,5,41,1,,0
840,2012,3,,5,95,1,,0
841,2012,3,,5,44,1,,0
842,2012,3,,5,45,1,,0
843,2012,3,,5,21,1,,0
844,2012,3,,5,96,1,,0
845,2012,3,,5,97,1,,0
846,2012,3,,5,98,1,,0
847,2012,3,,5,34,1,,0
848,2012,3,,6,99,1,,0
849,2012,3,,5,1,2,,0
850,2012,3,,5,93,2,,0
851,2012,3,,5,94,2,,0
852,2012,3,,5,6,2,,0
853,2012,3,,5,41,2,,0
854,2012,3,,5,95,2,,0
855,2012,3,,5,44,2,,0
856,2012,3,,5,45,2,,0
857,2012,3,,5,21,2,,0
858,2012,3,,5,96,2,,0
859,2012,3,,5,97,2,,0
860,2012,3,,5,98,2,,0
861,2012,3,,5,34,2,,0
862,2012,3,,6,99,2,,0
863,2012,3,,5,1,3,,0
864,2012,3,,5,93,3,,0
865,2012,3,,5,94,3,,0
866,2012,3,,5,6,3,,0
867,2012,3,,5,41,3,,0
868,2012,3,,5,95,3,,0
869,2012,3,,5,44,3,,0
870,2012,3,,5,45,3,,0
871,2012,3,,5,21,3,,0
872,2012,3,,5,96,3,,0
873,2012,3,,5,97,3,,0
874,2012,3,,5,98,3,,0
875,2012,3,,5,34,3,,0
876,2012,3,,6,99,3,,0
877,2012,4,,5,81,1,,2
878,2012,4,,5,85,1,,8
879,2012,4,,5,45,1,,25
880,2012,4,,5,79,1,,2
881,2012,4,,5,80,1,,2
882,2012,4,,5,83,1,,2
883,2012,4,,5,86,1,,8
884,2012,4,,5,44,1,,4
885,2012,4,,5,82,1,,0
886,2012,4,,5,84,1,,0
887,2012,4,,5,81,2,,0
888,2012,4,,5,85,2,,0
889,2012,4,,5,45,2,,0
890,2012,4,,5,79,2,,0
891,2012,4,,5,80,2,,0
892,2012,4,,5,83,2,,0
893,2012,4,,5,86,2,,0
894,2012,4,,5,44,2,,0
895,2012,4,,5,82,2,,0
896,2012,4,,5,84,2,,0
897,2012,4,,5,81,3,,13
898,2012,4,,5,85,3,,22
899,2012,4,,5,45,3,,103
900,2012,4,,5,79,3,,33
901,2012,4,,5,80,3,,27
902,2012,4,,5,83,3,,29
903,2012,4,,5,86,3,,35
904,2012,4,,5,44,3,,26
905,2012,4,,5,82,3,,10
906,2012,4,,5,84,3,,16
907,2012,5,,5,1,1,,8
908,2012,5,,5,44,1,,1
909,2012,5,,5,35,1,,1
910,2012,5,,5,46,1,,2
911,2012,5,,5,100,1,,2
912,2012,5,,5,101,1,,0
913,2012,5,,5,102,1,,0
914,2012,5,,5,84,1,,4
915,2012,5,,5,103,1,,0
916,2012,5,,5,104,1,,0
917,2012,5,,5,105,1,,0
918,2012,5,,5,106,1,,0
919,2012,5,,5,107,1,,0
920,2012,5,,5,1,2,,5
921,2012,5,,5,44,2,,1
922,2012,5,,5,35,2,,4
923,2012,5,,5,46,2,,1
924,2012,5,,5,100,2,,1
925,2012,5,,5,101,2,,0
926,2012,5,,5,102,2,,0
927,2012,5,,5,84,2,,4
928,2012,5,,5,103,2,,0
929,2012,5,,5,104,2,,0
930,2012,5,,5,105,2,,2
931,2012,5,,5,106,2,,0
932,2012,5,,5,107,2,,0
933,2012,5,,5,1,3,,5
934,2012,5,,5,44,3,,1
935,2012,5,,5,35,3,,2
936,2012,5,,5,46,3,,2
937,2012,5,,5,100,3,,2
938,2012,5,,5,101,3,,0
939,2012,5,,5,102,3,,2
940,2012,5,,5,84,3,,2
941,2012,5,,5,103,3,,0
942,2012,5,,5,104,3,,0
943,2012,5,,5,105,3,,5
944,2012,5,,5,106,3,,2
945,2012,5,,5,107,3,,3
946,2012,10,,5,27,1,,0
947,2012,10,,5,28,1,,0
948,2012,10,,5,30,1,,0
949,2012,10,,5,141,1,,0
950,2012,10,,5,142,1,,0
951,2012,10,,5,143,1,,0
952,2012,10,,5,144,1,,0
953,2012,10,,5,145,1,,0
954,2012,10,,5,146,1,,0
955,2012,10,,5,147,1,,0
956,2012,10,,5,148,1,,0
957,2012,10,,5,149,1,,0
958,2012,10,,5,1,1,,0
959,2012,10,,5,81,1,,0
960,2012,10,,5,150,1,,0
961,2012,10,,5,27,2,,0
962,2012,10,,5,28,2,,0
963,2012,10,,5,30,2,,0
964,2012,10,,5,141,2,,0
965,2012,10,,5,142,2,,0
966,2012,10,,5,143,2,,0
967,2012,10,,5,144,2,,0
968,2012,10,,5,145,2,,0
969,2012,10,,5,146,2,,0
970,2012,10,,5,147,2,,0
971,2012,10,,5,148,2,,0
972,2012,10,,5,149,2,,0
973,2012,10,,5,1,2,,0
974,2012,10,,5,81,2,,0
975,2012,10,,5,150,2,,0
976,2012,10,,5,27,3,,1
977,2012,10,,5,28,3,,2
978,2012,10,,5,30,3,,1
979,2012,10,,5,141,3,,1
980,2012,10,,5,142,3,,1
981,2012,10,,5,143,3,,1
982,2012,10,,5,144,3,,1
983,2012,10,,5,145,3,,1
984,2012,10,,5,146,3,,2
985,2012,10,,5,147,3,,1
986,2012,10,,5,148,3,,1
987,2012,10,,5,149,3,,2
988,2012,10,,5,1,3,,2
989,2012,10,,5,81,3,,2
990,2012,10,,5,150,3,,1
991,2011,1,,5,1,1,,18
992,2011,1,,5,6,1,,12
993,2011,1,,5,88,1,,0
994,2011,1,,5,11,1,,0
995,2011,1,,5,14,1,,18
996,2011,1,,5,13,1,,27
997,2011,1,,5,34,1,,9
998,2011,1,,5,15,1,,23
999,2011,1,,5,19,1,,16
1000,2011,1,,5,21,1,,15
1001,2011,1,,5,151,1,,0
1002,2011,1,,5,92,1,,9
1003,2011,1,,5,152,1,,0
1004,2011,1,,5,31,1,,6
1005,2011,1,,5,29,1,,10
1006,2011,1,,5,27,1,,4
1007,2011,1,,5,32,1,,11
1008,2011,1,,5,28,1,,9
1009,2011,1,,5,30,1,,8
1010,2011,1,,5,33,1,,9
1011,2011,1,,5,35,1,,11
1012,2011,1,,5,38,1,,0
1013,2011,1,,5,41,1,,13
1014,2011,1,,5,50,1,,0
1015,2011,1,,6,51,1,,0
1016,2011,1,,6,52,1,,0
1017,2011,1,,6,89,1,,0
1018,2011,1,,6,53,1,,0
1019,2011,1,,6,157,1,,0
1020,2011,1,,6,55,1,,0
1021,2011,1,,6,54,1,,0
1022,2011,1,,6,57,1,,0
1023,2011,1,,6,58,1,,0
1024,2011,1,,6,59,1,,0
1025,2011,1,,6,60,1,,0
1026,2011,1,,6,61,1,,0
1027,2011,1,,6,62,1,,0
1028,2011,1,,6,65,1,,0
1029,2011,1,,6,66,1,,0
1030,2011,1,,6,67,1,,0
1031,2011,1,,6,153,1,,0
1032,2011,1,,6,154,1,,0
1033,2011,1,,6,155,1,,0
1034,2011,1,,6,156,1,,0
1035,2011,1,,6,71,1,,0
1036,2011,1,,5,1,2,,1
1037,2011,1,,5,6,2,,0
1038,2011,1,,5,88,2,,0
1039,2011,1,,5,11,2,,0
1040,2011,1,,5,14,2,,1
1041,2011,1,,5,13,2,,41
1042,2011,1,,5,34,2,,0
1043,2011,1,,5,15,2,,0
1044,2011,1,,5,19,2,,1
1045,2011,1,,5,21,2,,0
1046,2011,1,,5,151,2,,0
1047,2011,1,,5,92,2,,0
1048,2011,1,,5,152,2,,0
1049,2011,1,,5,31,2,,0
1050,2011,1,,5,29,2,,0
1051,2011,1,,5,27,2,,0
1052,2011,1,,5,32,2,,0
1053,2011,1,,5,28,2,,1
1054,2011,1,,5,30,2,,0
1055,2011,1,,5,33,2,,0
1056,2011,1,,5,35,2,,0
1057,2011,1,,5,38,2,,0
1058,2011,1,,5,41,2,,0
1059,2011,1,,5,50,2,,0
1060,2011,1,,6,51,2,,0
1061,2011,1,,6,52,2,,0
1062,2011,1,,6,89,2,,0
1063,2011,1,,6,53,2,,0
1064,2011,1,,6,157,2,,0
1065,2011,1,,6,55,2,,0
1066,2011,1,,6,54,2,,0
1067,2011,1,,6,57,2,,0
1068,2011,1,,6,58,2,,0
1069,2011,1,,6,59,2,,0
1070,2011,1,,6,60,2,,0
1071,2011,1,,6,61,2,,0
1072,2011,1,,6,62,2,,0
1073,2011,1,,6,65,2,,0
1074,2011,1,,6,66,2,,0
1075,2011,1,,6,67,2,,0
1076,2011,1,,6,153,2,,0
1077,2011,1,,6,154,2,,0
1078,2011,1,,6,155,2,,0
1079,2011,1,,6,156,2,,0
1080,2011,1,,6,71,2,,0
1081,2011,1,,5,1,3,,43
1082,2011,1,,5,6,3,,17
1083,2011,1,,5,88,3,,8
1084,2011,1,,5,11,3,,4
1085,2011,1,,5,14,3,,16
1086,2011,1,,5,13,3,,71
1087,2011,1,,5,34,3,,24
1088,2011,1,,5,15,3,,5
1089,2011,1,,5,19,3,,5
1090,2011,1,,5,21,3,,16
1091,2011,1,,5,151,3,,0
1092,2011,1,,5,92,3,,33
1093,2011,1,,5,152,3,,0
1094,2011,1,,5,31,3,,15
1095,2011,1,,5,29,3,,26
1096,2011,1,,5,27,3,,12
1097,2011,1,,5,32,3,,39
1098,2011,1,,5,28,3,,24
1099,2011,1,,5,30,3,,4
1100,2011,1,,5,33,3,,13
1101,2011,1,,5,35,3,,7
1102,2011,1,,5,38,3,,0
1103,2011,1,,5,41,3,,45
1104,2011,1,,5,50,3,,0
1105,2011,1,,6,51,3,,0
1106,2011,1,,6,52,3,,0
1107,2011,1,,6,89,3,,0
1108,2011,1,,6,53,3,,0
1109,2011,1,,6,157,3,,0
1110,2011,1,,6,55,3,,0
1111,2011,1,,6,54,3,,0
1112,2011,1,,6,57,3,,0
1113,2011,1,,6,58,3,,0
1114,2011,1,,6,59,3,,0
1115,2011,1,,6,60,3,,0
1116,2011,1,,6,61,3,,0
1117,2011,1,,6,62,3,,0
1118,2011,1,,6,65,3,,0
1119,2011,1,,6,66,3,,0
1120,2011,1,,6,67,3,,0
1121,2011,1,,6,153,3,,0
1122,2011,1,,6,154,3,,0
1123,2011,1,,6,155,3,,0
1124,2011,1,,6,156,3,,0
1125,2011,1,,6,71,3,,0
1126,2011,2,,5,81,1,,0
1127,2011,2,,5,6,1,,0
1128,2011,2,,5,44,1,,6
1129,2011,2,,5,41,1,,5
1130,2011,2,,5,45,1,,10
1131,2011,2,,5,34,1,,10
1132,2011,2,,5,20,1,,7
1133,2011,2,,5,35,1,,3
1134,2011,2,,5,73,1,,9
1135,2011,2,,6,48,1,,2
1136,2011,2,,6,49,1,,2
1137,2011,2,,5,81,2,,2
1138,2011,2,,5,6,2,,5
1139,2011,2,,5,44,2,,3
1140,2011,2,,5,41,2,,10
1141,2011,2,,5,45,2,,0
1142,2011,2,,5,34,2,,0
1143,2011,2,,5,20,2,,3
1144,2011,2,,5,35,2,,0
1145,2011,2,,5,73,2,,2
1146,2011,2,,6,48,2,,1
1147,2011,2,,6,49,2,,1
1148,2011,2,,5,81,3,,18
1149,2011,2,,5,6,3,,22
1150,2011,2,,5,44,3,,21
1151,2011,2,,5,41,3,,52
1152,2011,2,,5,45,3,,31
1153,2011,2,,5,34,3,,11
1154,2011,2,,5,20,3,,38
1155,2011,2,,5,35,3,,9
1156,2011,2,,5,73,3,,7
1157,2011,2,,6,48,3,,0
1158,2011,2,,6,49,3,,0
1159,2011,4,,5,81,1,,0
1160,2011,4,,5,85,1,,8
1161,2011,4,,5,45,1,,6
1162,2011,4,,5,79,1,,2
1163,2011,4,,5,80,1,,2
1164,2011,4,,5,83,1,,1
1165,2011,4,,5,86,1,,7
1166,2011,4,,5,44,1,,2
1167,2011,4,,5,82,1,,0
1168,2011,4,,5,84,1,,0
1169,2011,4,,5,81,2,,0
1170,2011,4,,5,85,2,,0
1171,2011,4,,5,45,2,,0
1172,2011,4,,5,79,2,,0
1173,2011,4,,5,80,2,,0
1174,2011,4,,5,83,2,,0
1175,2011,4,,5,86,2,,0
1176,2011,4,,5,44,2,,0
1177,2011,4,,5,82,2,,0
1178,2011,4,,5,84,2,,0
1179,2011,4,,5,81,3,,21
1180,2011,4,,5,85,3,,19
1181,2011,4,,5,45,3,,73
1182,2011,4,,5,79,3,,36
1183,2011,4,,5,80,3,,22
1184,2011,4,,5,83,3,,27
1185,2011,4,,5,86,3,,30
1186,2011,4,,5,44,3,,22
1187,2011,4,,5,82,3,,10
1188,2011,4,,5,84,3,,14
1189,2011,5,,5,1,1,,0
1190,2011,5,,5,44,1,,0
1191,2011,5,,5,35,1,,0
1192,2011,5,,5,101,1,,0
1193,2011,5,,5,158,1,,0
1194,2011,5,,5,84,1,,0
1195,2011,5,,5,103,1,,0
1196,2011,5,,5,104,1,,0
1197,2011,5,,5,105,1,,0
1198,2011,5,,5,106,1,,0
1199,2011,5,,5,107,1,,0
1200,2011,5,,5,1,2,,0
1201,2011,5,,5,44,2,,0
1202,2011,5,,5,35,2,,0
1203,2011,5,,5,101,2,,0
1204,2011,5,,5,158,2,,0
1205,2011,5,,5,84,2,,0
1206,2011,5,,5,103,2,,0
1207,2011,5,,5,104,2,,0
1208,2011,5,,5,105,2,,0
1209,2011,5,,5,106,2,,0
1210,2011,5,,5,107,2,,0
1211,2011,5,,5,1,3,,0
1212,2011,5,,5,44,3,,0
1213,2011,5,,5,35,3,,0
1214,2011,5,,5,101,3,,0
1215,2011,5,,5,158,3,,0
1216,2011,5,,5,84,3,,0
1217,2011,5,,5,103,3,,0
1218,2011,5,,5,104,3,,0
1219,2011,5,,5,105,3,,0
1220,2011,5,,5,106,3,,0
1221,2011,5,,5,107,3,,0
1222,2011,10,,5,27,1,,0
1223,2011,10,,5,28,1,,0
1224,2011,10,,5,30,1,,0
1225,2011,10,,5,141,1,,0
1226,2011,10,,5,142,1,,0
1227,2011,10,,5,143,1,,0
1228,2011,10,,5,144,1,,0
1229,2011,10,,5,145,1,,0
1230,2011,10,,5,146,1,,0
1231,2011,10,,5,147,1,,0
1232,2011,10,,5,148,1,,0
1233,2011,10,,5,149,1,,0
1234,2011,10,,5,1,1,,0
1235,2011,10,,5,81,1,,0
1236,2011,10,,5,150,1,,0
1237,2011,10,,5,27,2,,0
1238,2011,10,,5,28,2,,0
1239,2011,10,,5,30,2,,0
1240,2011,10,,5,141,2,,0
1241,2011,10,,5,142,2,,0
1242,2011,10,,5,143,2,,0
1243,2011,10,,5,144,2,,0
1244,2011,10,,5,145,2,,0
1245,2011,10,,5,146,2,,0
1246,2011,10,,5,147,2,,0
1247,2011,10,,5,148,2,,0
1248,2011,10,,5,149,2,,0
1249,2011,10,,5,1,2,,0
1250,2011,10,,5,81,2,,0
1251,2011,10,,5,150,2,,0
1252,2011,10,,5,27,3,,1
1253,2011,10,,5,28,3,,1
1254,2011,10,,5,30,3,,0
1255,2011,10,,5,141,3,,1
1256,2011,10,,5,142,3,,1
1257,2011,10,,5,143,3,,0
1258,2011,10,,5,144,3,,1
1259,2011,10,,5,145,3,,1
1260,2011,10,,5,146,3,,1
1261,2011,10,,5,147,3,,0
1262,2011,10,,5,148,3,,0
1263,2011,10,,5,149,3,,1
1264,2011,10,,5,1,3,,2
1265,2011,10,,5,81,3,,1
1266,2011,10,,5,150,3,,1
1267,2010,1,,5,1,1,,18
1268,2010,1,,5,6,1,,12
1269,2010,1,,5,88,1,,0
1270,2010,1,,5,11,1,,0
1271,2010,1,,5,14,1,,18
1272,2010,1,,5,13,1,,27
1273,2010,1,,5,34,1,,9
1274,2010,1,,5,15,1,,23
1275,2010,1,,5,19,1,,16
1276,2010,1,,5,21,1,,15
1277,2010,1,,5,151,1,,0
1278,2010,1,,5,92,1,,9
1279,2010,1,,5,152,1,,0
1280,2010,1,,5,31,1,,6
1281,2010,1,,5,29,1,,10
1282,2010,1,,5,27,1,,4
1283,2010,1,,5,32,1,,11
1284,2010,1,,5,28,1,,9
1285,2010,1,,5,30,1,,8
1286,2010,1,,5,33,1,,9
1287,2010,1,,5,35,1,,11
1288,2010,1,,5,38,1,,0
1289,2010,1,,5,41,1,,13
1290,2010,1,,5,50,1,,0
1291,2010,1,,6,51,1,,0
1292,2010,1,,6,52,1,,0
1293,2010,1,,6,89,1,,0
1294,2010,1,,6,53,1,,0
1295,2010,1,,6,157,1,,0
1296,2010,1,,6,55,1,,0
1297,2010,1,,6,54,1,,0
1298,2010,1,,6,57,1,,0
1299,2010,1,,6,58,1,,0
1300,2010,1,,6,59,1,,0
1301,2010,1,,6,60,1,,0
1302,2010,1,,6,61,1,,0
1303,2010,1,,6,62,1,,0
1304,2010,1,,6,65,1,,0
1305,2010,1,,6,66,1,,0
1306,2010,1,,6,67,1,,0
1307,2010,1,,6,153,1,,0
1308,2010,1,,6,154,1,,0
1309,2010,1,,6,155,1,,0
1310,2010,1,,6,156,1,,0
1311,2010,1,,6,71,1,,0
1312,2010,1,,5,1,2,,1
1313,2010,1,,5,6,2,,0
1314,2010,1,,5,88,2,,0
1315,2010,1,,5,11,2,,0
1316,2010,1,,5,14,2,,1
1317,2010,1,,5,13,2,,41
1318,2010,1,,5,34,2,,0
1319,2010,1,,5,15,2,,0
1320,2010,1,,5,19,2,,1
1321,2010,1,,5,21,2,,0
1322,2010,1,,5,151,2,,0
1323,2010,1,,5,92,2,,0
1324,2010,1,,5,152,2,,0
1325,2010,1,,5,31,2,,0
1326,2010,1,,5,29,2,,0
1327,2010,1,,5,27,2,,0
1328,2010,1,,5,32,2,,0
1329,2010,1,,5,28,2,,1
1330,2010,1,,5,30,2,,0
1331,2010,1,,5,33,2,,0
1332,2010,1,,5,35,2,,0
1333,2010,1,,5,38,2,,0
1334,2010,1,,5,41,2,,0
1335,2010,1,,5,50,2,,0
1336,2010,1,,6,51,2,,0
1337,2010,1,,6,52,2,,0
1338,2010,1,,6,89,2,,0
1339,2010,1,,6,53,2,,0
1340,2010,1,,6,157,2,,0
1341,2010,1,,6,55,2,,0
1342,2010,1,,6,54,2,,0
1343,2010,1,,6,57,2,,0
1344,2010,1,,6,58,2,,0
1345,2010,1,,6,59,2,,0
1346,2010,1,,6,60,2,,0
1347,2010,1,,6,61,2,,0
1348,2010,1,,6,62,2,,0
1349,2010,1,,6,65,2,,0
1350,2010,1,,6,66,2,,0
1351,2010,1,,6,67,2,,0
1352,2010,1,,6,153,2,,0
1353,2010,1,,6,154,2,,0
1354,2010,1,,6,155,2,,0
1355,2010,1,,6,156,2,,0
1356,2010,1,,6,71,2,,0
1357,2010,1,,5,1,3,,43
1358,2010,1,,5,6,3,,17
1359,2010,1,,5,88,3,,8
1360,2010,1,,5,11,3,,4
1361,2010,1,,5,14,3,,16
1362,2010,1,,5,13,3,,71
1363,2010,1,,5,34,3,,24
1364,2010,1,,5,15,3,,5
1365,2010,1,,5,19,3,,5
1366,2010,1,,5,21,3,,16
1367,2010,1,,5,151,3,,0
1368,2010,1,,5,92,3,,33
1369,2010,1,,5,152,3,,0
1370,2010,1,,5,31,3,,15
1371,2010,1,,5,29,3,,26
1372,2010,1,,5,27,3,,12
1373,2010,1,,5,32,3,,39
1374,2010,1,,5,28,3,,24
1375,2010,1,,5,30,3,,4
1376,2010,1,,5,33,3,,13
1377,2010,1,,5,35,3,,7
1378,2010,1,,5,38,3,,0
1379,2010,1,,5,41,3,,45
1380,2010,1,,5,50,3,,0
1381,2010,1,,6,51,3,,0
1382,2010,1,,6,52,3,,0
1383,2010,1,,6,89,3,,0
1384,2010,1,,6,53,3,,0
1385,2010,1,,6,157,3,,0
1386,2010,1,,6,55,3,,0
1387,2010,1,,6,54,3,,0
1388,2010,1,,6,57,3,,0
1389,2010,1,,6,58,3,,0
1390,2010,1,,6,59,3,,0
1391,2010,1,,6,60,3,,0
1392,2010,1,,6,61,3,,0
1393,2010,1,,6,62,3,,0
1394,2010,1,,6,65,3,,0
1395,2010,1,,6,66,3,,0
1396,2010,1,,6,67,3,,0
1397,2010,1,,6,153,3,,0
1398,2010,1,,6,154,3,,0
1399,2010,1,,6,155,3,,0
1400,2010,1,,6,156,3,,0
1401,2010,1,,6,71,3,,0
1402,2010,4,,5,81,1,,1
1403,2010,4,,5,85,1,,8
1404,2010,4,,5,45,1,,4
1405,2010,4,,5,79,1,,1
1406,2010,4,,5,80,1,,2
1407,2010,4,,5,83,1,,1
1408,2010,4,,5,86,1,,4
1409,2010,4,,5,44,1,,3
1410,2010,4,,5,82,1,,0
1411,2010,4,,5,84,1,,0
1412,2010,4,,5,81,2,,0
1413,2010,4,,5,85,2,,0
1414,2010,4,,5,45,2,,0
1415,2010,4,,5,79,2,,0
1416,2010,4,,5,80,2,,0
1417,2010,4,,5,83,2,,0
1418,2010,4,,5,86,2,,0
1419,2010,4,,5,44,2,,0
1420,2010,4,,5,82,2,,0
1421,2010,4,,5,84,2,,0
1422,2010,4,,5,81,3,,14
1423,2010,4,,5,85,3,,25
1424,2010,4,,5,45,3,,55
1425,2010,4,,5,79,3,,37
1426,2010,4,,5,80,3,,22
1427,2010,4,,5,83,3,,26
1428,2010,4,,5,86,3,,31
1429,2010,4,,5,44,3,,19
1430,2010,4,,5,82,3,,9
1431,2010,4,,5,84,3,,1
1432,2010,10,,5,27,1,,0
1433,2010,10,,5,28,1,,0
1434,2010,10,,5,30,1,,0
1435,2010,10,,5,147,1,,0
1436,2010,10,,5,143,1,,0
1437,2010,10,,5,142,1,,0
1438,2010,10,,5,159,1,,0
1439,2010,10,,5,144,1,,0
1440,2010,10,,5,148,1,,0
1441,2010,10,,5,146,1,,0
1442,2010,10,,5,141,1,,0
1443,2010,10,,5,160,1,,0
1444,2010,10,,5,1,1,,0
1445,2010,10,,5,149,1,,0
1446,2010,10,,5,81,1,,0
1447,2010,10,,5,150,1,,0
1448,2010,10,,5,161,1,,0
1449,2010,10,,5,27,2,,0
1450,2010,10,,5,28,2,,0
1451,2010,10,,5,30,2,,0
1452,2010,10,,5,147,2,,0
1453,2010,10,,5,143,2,,0
1454,2010,10,,5,142,2,,1
1455,2010,10,,5,159,2,,0
1456,2010,10,,5,144,2,,1
1457,2010,10,,5,148,2,,0
1458,2010,10,,5,146,2,,1
1459,2010,10,,5,141,2,,1
1460,2010,10,,5,160,2,,0
1461,2010,10,,5,1,2,,0
1462,2010,10,,5,149,2,,1
1463,2010,10,,5,81,2,,0
1464,2010,10,,5,150,2,,0
1465,2010,10,,5,161,2,,0
1466,2010,10,,5,27,3,,1
1467,2010,10,,5,28,3,,0
1468,2010,10,,5,30,3,,2
1469,2010,10,,5,147,3,,0
1470,2010,10,,5,143,3,,1
1471,2010,10,,5,142,3,,0
1472,2010,10,,5,159,3,,0
1473,2010,10,,5,144,3,,0
1474,2010,10,,5,148,3,,0
1475,2010,10,,5,146,3,,0
1476,2010,10,,5,141,3,,0
1477,2010,10,,5,160,3,,0
1478,2010,10,,5,1,3,,3
1479,2010,10,,5,149,3,,0
1480,2010,10,,5,81,3,,1
1481,2010,10,,5,150,3,,1
1482,2010,10,,5,161,3,,1
1483,2009,2,,5,81,1,,1
1484,2009,2,,5,6,1,,2
1485,2009,2,,5,44,1,,6
1486,2009,2,,5,41,1,,14
1487,2009,2,,5,45,1,,5
1488,2009,2,,5,34,1,,10
1489,2009,2,,5,20,1,,5
1490,2009,2,,5,35,1,,12
1491,2009,2,,5,73,1,,1
1492,2009,2,,6,48,1,,0
1493,2009,2,,6,49,1,,0
1494,2009,2,,5,81,2,,4
1495,2009,2,,5,6,2,,0
1496,2009,2,,5,44,2,,7
1497,2009,2,,5,41,2,,8
1498,2009,2,,5,45,2,,4
1499,2009,2,,5,34,2,,1
1500,2009,2,,5,20,2,,6
1501,2009,2,,5,35,2,,2
1502,2009,2,,5,73,2,,3
1503,2009,2,,6,48,2,,0
1504,2009,2,,6,49,2,,0
1505,2009,2,,5,81,3,,10
1506,2009,2,,5,6,3,,16
1507,2009,2,,5,44,3,,21
1508,2009,2,,5,41,3,,27
1509,2009,2,,5,45,3,,22
1510,2009,2,,5,34,3,,7
1511,2009,2,,5,20,3,,23
1512,2009,2,,5,35,3,,6
1513,2009,2,,5,73,3,,11
1514,2009,2,,6,48,3,,17
1515,2009,2,,6,49,3,,18
1516,2009,4,,5,81,1,,1
1517,2009,4,,5,85,1,,8
1518,2009,4,,5,45,1,,4
1519,2009,4,,5,79,1,,1
1520,2009,4,,5,80,1,,2
1521,2009,4,,5,83,1,,1
1522,2009,4,,5,86,1,,4
1523,2009,4,,5,44,1,,3
1524,2009,4,,5,82,1,,0
1525,2009,4,,5,84,1,,0
1526,2009,4,,5,81,2,,0
1527,2009,4,,5,85,2,,0
1528,2009,4,,5,45,2,,0
1529,2009,4,,5,79,2,,0
1530,2009,4,,5,80,2,,0
1531,2009,4,,5,83,2,,0
1532,2009,4,,5,86,2,,0
1533,2009,4,,5,44,2,,0
1534,2009,4,,5,82,2,,0
1535,2009,4,,5,84,2,,0
1536,2009,4,,5,81,3,,14
1537,2009,4,,5,85,3,,25
1538,2009,4,,5,45,3,,55
1539,2009,4,,5,79,3,,37
1540,2009,4,,5,80,3,,22
1541,2009,4,,5,83,3,,26
1542,2009,4,,5,86,3,,31
1543,2009,4,,5,44,3,,19
1544,2009,4,,5,82,3,,9
1545,2009,4,,5,84,3,,1
1546,2008,1,2,5,1,1,1,10
1547,2008,1,2,5,2,1,1,0
1548,2008,1,2,5,5,1,1,0
1549,2008,1,2,5,4,1,1,0
1550,2008,1,2,5,6,1,1,0
1551,2008,1,2,5,7,1,1,0
1552,2008,1,2,5,8,1,1,0
1553,2008,1,2,5,12,1,1,0
1554,2008,1,2,5,162,1,1,0
1555,2008,1,2,5,163,1,1,0
1556,2008,1,2,5,164,1,1,0
1557,2008,1,2,5,14,1,1,17
1558,2008,1,2,5,13,1,1,20
1559,2008,1,2,5,34,1,1,5
1560,2008,1,2,5,165,1,1,0
1561,2008,1,2,5,166,1,1,0
1562,2008,1,2,5,167,1,1,0
1563,2008,1,2,5,15,1,1,22
1564,2008,1,2,5,19,1,1,14
1565,2008,1,2,5,21,1,1,11
1566,2008,1,2,5,25,1,1,0
1567,2008,1,2,5,168,1,1,0
1568,2008,1,2,5,169,1,1,0
1569,2008,1,2,5,170,1,1,0
1570,2008,1,2,5,171,1,1,0
1571,2008,1,2,5,172,1,1,0
1572,2008,1,2,5,173,1,1,0
1573,2008,1,2,5,175,1,1,0
1574,2008,1,2,5,174,1,1,0
1575,2008,1,2,5,90,1,1,0
1576,2008,1,2,5,152,1,1,0
1577,2008,1,2,5,31,1,1,6
1578,2008,1,2,5,29,1,1,6
1579,2008,1,2,5,27,1,1,1
1580,2008,1,2,5,32,1,1,11
1581,2008,1,2,5,28,1,1,4
1582,2008,1,2,5,30,1,1,8
1583,2008,1,2,5,33,1,1,0
1584,2008,1,2,5,35,1,1,6
1585,2008,1,2,5,38,1,1,0
1586,2008,1,2,5,41,1,1,10
1587,2008,1,2,5,1,1,2,3
1588,2008,1,2,5,2,1,2,0
1589,2008,1,2,5,5,1,2,0
1590,2008,1,2,5,4,1,2,0
1591,2008,1,2,5,6,1,2,0
1592,2008,1,2,5,7,1,2,0
1593,2008,1,2,5,8,1,2,0
1594,2008,1,2,5,12,1,2,0
1595,2008,1,2,5,162,1,2,0
1596,2008,1,2,5,163,1,2,0
1597,2008,1,2,5,164,1,2,0
1598,2008,1,2,5,14,1,2,1
1599,2008,1,2,5,13,1,2,4
1600,2008,1,2,5,34,1,2,5
1601,2008,1,2,5,165,1,2,0
1602,2008,1,2,5,166,1,2,0
1603,2008,1,2,5,167,1,2,0
1604,2008,1,2,5,15,1,2,2
1605,2008,1,2,5,19,1,2,2
1606,2008,1,2,5,21,1,2,0
1607,2008,1,2,5,25,1,2,0
1608,2008,1,2,5,168,1,2,0
1609,2008,1,2,5,169,1,2,0
1610,2008,1,2,5,170,1,2,0
1611,2008,1,2,5,171,1,2,0
1612,2008,1,2,5,172,1,2,0
1613,2008,1,2,5,173,1,2,0
1614,2008,1,2,5,175,1,2,0
1615,2008,1,2,5,174,1,2,0
1616,2008,1,2,5,90,1,2,0
1617,2008,1,2,5,152,1,2,0
1618,2008,1,2,5,31,1,2,1
1619,2008,1,2,5,29,1,2,4
1620,2008,1,2,5,27,1,2,0
1621,2008,1,2,5,32,1,2,0
1622,2008,1,2,5,28,1,2,2
1623,2008,1,2,5,30,1,2,1
1624,2008,1,2,5,33,1,2,9
1625,2008,1,2,5,35,1,2,3
1626,2008,1,2,5,38,1,2,0
1627,2008,1,2,5,41,1,2,2
1628,2008,1,2,5,1,2,1,0
1629,2008,1,2,5,2,2,1,0
1630,2008,1,2,5,5,2,1,0
1631,2008,1,2,5,4,2,1,0
1632,2008,1,2,5,6,2,1,0
1633,2008,1,2,5,7,2,1,0
1634,2008,1,2,5,8,2,1,0
1635,2008,1,2,5,12,2,1,0
1636,2008,1,2,5,162,2,1,0
1637,2008,1,2,5,163,2,1,0
1638,2008,1,2,5,164,2,1,0
1639,2008,1,2,5,14,2,1,0
1640,2008,1,2,5,13,2,1,44
1641,2008,1,2,5,34,2,1,0
1642,2008,1,2,5,165,2,1,0
1643,2008,1,2,5,166,2,1,0
1644,2008,1,2,5,167,2,1,0
1645,2008,1,2,5,15,2,1,0
1646,2008,1,2,5,19,2,1,0
1647,2008,1,2,5,21,2,1,0
1648,2008,1,2,5,25,2,1,0
1649,2008,1,2,5,168,2,1,0
1650,2008,1,2,5,169,2,1,0
1651,2008,1,2,5,170,2,1,0
1652,2008,1,2,5,171,2,1,0
1653,2008,1,2,5,172,2,1,0
1654,2008,1,2,5,173,2,1,0
1655,2008,1,2,5,175,2,1,0
1656,2008,1,2,5,174,2,1,0
1657,2008,1,2,5,90,2,1,0
1658,2008,1,2,5,152,2,1,0
1659,2008,1,2,5,31,2,1,0
1660,2008,1,2,5,29,2,1,0
1661,2008,1,2,5,27,2,1,0
1662,2008,1,2,5,32,2,1,0
1663,2008,1,2,5,28,2,1,0
1664,2008,1,2,5,30,2,1,0
1665,2008,1,2,5,33,2,1,0
1666,2008,1,2,5,35,2,1,0
1667,2008,1,2,5,38,2,1,0
1668,2008,1,2,5,41,2,1,1
1669,2008,1,2,5,1,2,2,1
1670,2008,1,2,5,2,2,2,0
1671,2008,1,2,5,5,2,2,0
1672,2008,1,2,5,4,2,2,0
1673,2008,1,2,5,6,2,2,0
1674,2008,1,2,5,7,2,2,0
1675,2008,1,2,5,8,2,2,0
1676,2008,1,2,5,12,2,2,0
1677,2008,1,2,5,162,2,2,0
1678,2008,1,2,5,163,2,2,0
1679,2008,1,2,5,164,2,2,0
1680,2008,1,2,5,14,2,2,1
1681,2008,1,2,5,13,2,2,4
1682,2008,1,2,5,34,2,2,0
1683,2008,1,2,5,165,2,2,0
1684,2008,1,2,5,166,2,2,0
1685,2008,1,2,5,167,2,2,0
1686,2008,1,2,5,15,2,2,0
1687,2008,1,2,5,19,2,2,0
1688,2008,1,2,5,21,2,2,0
1689,2008,1,2,5,25,2,2,0
1690,2008,1,2,5,168,2,2,0
1691,2008,1,2,5,169,2,2,0
1692,2008,1,2,5,170,2,2,0
1693,2008,1,2,5,171,2,2,0
1694,2008,1,2,5,172,2,2,0
1695,2008,1,2,5,173,2,2,0
1696,2008,1,2,5,175,2,2,0
1697,2008,1,2,5,174,2,2,0
1698,2008,1,2,5,90,2,2,0
1699,2008,1,2,5,152,2,2,0
1700,2008,1,2,5,31,2,2,0
1701,2008,1,2,5,29,2,2,0
1702,2008,1,2,5,27,2,2,0
1703,2008,1,2,5,32,2,2,0
1704,2008,1,2,5,28,2,2,1
1705,2008,1,2,5,30,2,2,0
1706,2008,1,2,5,33,2,2,0
1707,2008,1,2,5,35,2,2,0
1708,2008,1,2,5,38,2,2,0
1709,2008,1,2,5,41,2,2,0
1710,2008,1,2,5,1,3,1,14
1711,2008,1,2,5,2,3,1,0
1712,2008,1,2,5,5,3,1,0
1713,2008,1,2,5,4,3,1,0
1714,2008,1,2,5,6,3,1,0
1715,2008,1,2,5,7,3,1,0
1716,2008,1,2,5,8,3,1,0
1717,2008,1,2,5,12,3,1,0
1718,2008,1,2,5,162,3,1,0
1719,2008,1,2,5,163,3,1,0
1720,2008,1,2,5,164,3,1,0
1721,2008,1,2,5,14,3,1,
1722,2008,1,2,5,13,3,1,44
1723,2008,1,2,5,34,3,1,11
1724,2008,1,2,5,165,3,1,0
1725,2008,1,2,5,166,3,1,0
1726,2008,1,2,5,167,3,1,0
1727,2008,1,2,5,15,3,1,3
1728,2008,1,2,5,19,3,1,1
1729,2008,1,2,5,21,3,1,4
1730,2008,1,2,5,25,3,1,1
1731,2008,1,2,5,168,3,1,0
1732,2008,1,2,5,169,3,1,0
1733,2008,1,2,5,170,3,1,0
1734,2008,1,2,5,171,3,1,0
1735,2008,1,2,5,172,3,1,0
1736,2008,1,2,5,173,3,1,0
1737,2008,1,2,5,175,3,1,0
1738,2008,1,2,5,174,3,1,0
1739,2008,1,2,5,90,3,1,0
1740,2008,1,2,5,152,3,1,0
1741,2008,1,2,5,31,3,1,8
1742,2008,1,2,5,29,3,1,18
1743,2008,1,2,5,27,3,1,9
1744,2008,1,2,5,32,3,1,36
1745,2008,1,2,5,28,3,1,15
1746,2008,1,2,5,30,3,1,1
1747,2008,1,2,5,33,3,1,0
1748,2008,1,2,5,35,3,1,4
1749,2008,1,2,5,38,3,1,0
1750,2008,1,2,5,41,3,1,30
1751,2008,1,2,5,1,3,2,2
1752,2008,1,2,5,2,3,2,0
1753,2008,1,2,5,5,3,2,0
1754,2008,1,2,5,4,3,2,0
1755,2008,1,2,5,6,3,2,0
1756,2008,1,2,5,7,3,2,0
1757,2008,1,2,5,8,3,2,0
1758,2008,1,2,5,12,3,2,0
1759,2008,1,2,5,162,3,2,0
1760,2008,1,2,5,163,3,2,0
1761,2008,1,2,5,164,3,2,0
1762,2008,1,2,5,14,3,2,10
1763,2008,1,2,5,13,3,2,19
1764,2008,1,2,5,34,3,2,8
1765,2008,1,2,5,165,3,2,0
1766,2008,1,2,5,166,3,2,0
1767,2008,1,2,5,167,3,2,0
1768,2008,1,2,5,15,3,2,2
1769,2008,1,2,5,19,3,2,0
1770,2008,1,2,5,21,3,2,0
1771,2008,1,2,5,25,3,2,0
1772,2008,1,2,5,168,3,2,0
1773,2008,1,2,5,169,3,2,0
1774,2008,1,2,5,170,3,2,0
1775,2008,1,2,5,171,3,2,0
1776,2008,1,2,5,172,3,2,0
1777,2008,1,2,5,173,3,2,0
1778,2008,1,2,5,175,3,2,0
1779,2008,1,2,5,174,3,2,0
1780,2008,1,2,5,90,3,2,0
1781,2008,1,2,5,152,3,2,0
1782,2008,1,2,5,31,3,2,6
1783,2008,1,2,5,29,3,2,15
1784,2008,1,2,5,27,3,2,5
1785,2008,1,2,5,32,3,2,6
1786,2008,1,2,5,28,3,2,10
1787,2008,1,2,5,30,3,2,2
1788,2008,1,2,5,33,3,2,13
1789,2008,1,2,5,35,3,2,7
1790,2008,1,2,5,38,3,2,0
1791,2008,1,2,5,41,3,2,5
1792,2008,3,,5,1,1,,25
1793,2008,3,,5,93,1,,31
1794,2008,3,,5,176,1,,0
1795,2008,3,,5,6,1,,0
1796,2008,3,,5,41,1,,0
1797,2008,3,,5,44,1,,0
1798,2008,3,,5,21,1,,0
1799,2008,3,,5,45,1,,0
1800,2008,3,,5,96,1,,0
1801,2008,3,,5,97,1,,0
1802,2008,3,,5,98,1,,0
1803,2008,3,,5,34,1,,0
1804,2008,3,,5,1,2,,75
1805,2008,3,,5,93,2,,69
1806,2008,3,,5,176,2,,0
1807,2008,3,,5,6,2,,0
1808,2008,3,,5,41,2,,0
1809,2008,3,,5,44,2,,0
1810,2008,3,,5,21,2,,0
1811,2008,3,,5,45,2,,0
1812,2008,3,,5,96,2,,0
1813,2008,3,,5,97,2,,0
1814,2008,3,,5,98,2,,0
1815,2008,3,,5,34,2,,0
1816,2008,3,,5,1,3,,34
1817,2008,3,,5,93,3,,32
1818,2008,3,,5,176,3,,0
1819,2008,3,,5,6,3,,0
1820,2008,3,,5,41,3,,0
1821,2008,3,,5,44,3,,0
1822,2008,3,,5,21,3,,0
1823,2008,3,,5,45,3,,0
1824,2008,3,,5,96,3,,0
1825,2008,3,,5,97,3,,0
1826,2008,3,,5,98,3,,0
1827,2008,3,,5,34,3,,0
1828,2008,4,,5,81,1,,0
1829,2008,4,,5,85,1,,1
1830,2008,4,,5,45,1,,1
1831,2008,4,,5,79,1,,1
1832,2008,4,,5,80,1,,0
1833,2008,4,,5,83,1,,1
1834,2008,4,,5,86,1,,1
1835,2008,4,,5,44,1,,0
1836,2008,4,,5,118,1,,
1837,2008,4,,6,177,1,,
1838,2008,4,,5,81,2,,1
1839,2008,4,,5,85,2,,0
1840,2008,4,,5,45,2,,0
1841,2008,4,,5,79,2,,0
1842,2008,4,,5,80,2,,0
1843,2008,4,,5,83,2,,0
1844,2008,4,,5,86,2,,0
1845,2008,4,,5,44,2,,0
1846,2008,4,,5,118,2,,
1847,2008,4,,6,177,2,,
1848,2008,4,,5,81,3,,33
1849,2008,4,,5,85,3,,30
1850,2008,4,,5,45,3,,40
1851,2008,4,,5,79,3,,41
1852,2008,4,,5,80,3,,28
1853,2008,4,,5,83,3,,31
1854,2008,4,,5,86,3,,14
1855,2008,4,,5,44,3,,9
1856,2008,4,,5,118,3,,
1857,2008,4,,6,177,3,,
1858,2008,9,1,5,1,1,1,1
1859,2008,9,1,5,108,1,1,1
1860,2008,9,1,5,35,1,1,0
1861,2008,9,1,5,109,1,1,0
1862,2008,9,1,5,110,1,1,0
1863,2008,9,1,5,111,1,1,0
1864,2008,9,1,5,44,1,1,7
1865,2008,9,1,5,112,1,1,0
1866,2008,9,1,5,21,1,1,1
1867,2008,9,1,5,45,1,1,1
1868,2008,9,1,5,113,1,1,3
1869,2008,9,1,5,114,1,1,0
1870,2008,9,1,5,115,1,1,0
1871,2008,9,1,5,116,1,1,0
1872,2008,9,1,5,178,1,1,2
1873,2008,9,1,5,117,1,1,1
1874,2008,9,1,5,118,1,1,0
1875,2008,9,1,6,120,1,1,0
1876,2008,9,1,6,121,1,1,0
1877,2008,9,1,6,124,1,1,0
1878,2008,9,1,6,126,1,1,0
1879,2008,9,1,5,1,1,2,4
1880,2008,9,1,5,108,1,2,0
1881,2008,9,1,5,35,1,2,1
1882,2008,9,1,5,109,1,2,0
1883,2008,9,1,5,110,1,2,0
1884,2008,9,1,5,111,1,2,1
1885,2008,9,1,5,44,1,2,1
1886,2008,9,1,5,112,1,2,0
1887,2008,9,1,5,21,1,2,0
1888,2008,9,1,5,45,1,2,0
1889,2008,9,1,5,113,1,2,2
1890,2008,9,1,5,114,1,2,0
1891,2008,9,1,5,115,1,2,0
1892,2008,9,1,5,116,1,2,0
1893,2008,9,1,5,178,1,2,7
1894,2008,9,1,5,117,1,2,0
1895,2008,9,1,5,118,1,2,0
1896,2008,9,1,6,120,1,2,0
1897,2008,9,1,6,121,1,2,0
1898,2008,9,1,6,124,1,2,0
1899,2008,9,1,6,126,1,2,0
1900,2008,9,1,5,1,2,1,3
1901,2008,9,1,5,108,2,1,0
1902,2008,9,1,5,35,2,1,0
1903,2008,9,1,5,109,2,1,0
1904,2008,9,1,5,110,2,1,0
1905,2008,9,1,5,111,2,1,0
1906,2008,9,1,5,44,2,1,2
1907,2008,9,1,5,112,2,1,0
1908,2008,9,1,5,21,2,1,0
1909,2008,9,1,5,45,2,1,0
1910,2008,9,1,5,113,2,1,0
1911,2008,9,1,5,114,2,1,0
1912,2008,9,1,5,115,2,1,0
1913,2008,9,1,5,116,2,1,0
1914,2008,9,1,5,178,2,1,2
1915,2008,9,1,5,117,2,1,0
1916,2008,9,1,5,118,2,1,2
1917,2008,9,1,6,120,2,1,0
1918,2008,9,1,6,121,2,1,0
1919,2008,9,1,6,124,2,1,0
1920,2008,9,1,6,126,2,1,0
1921,2008,9,1,5,1,2,2,2
1922,2008,9,1,5,108,2,2,0
1923,2008,9,1,5,35,2,2,0
1924,2008,9,1,5,109,2,2,0
1925,2008,9,1,5,110,2,2,0
1926,2008,9,1,5,111,2,2,0
1927,2008,9,1,5,44,2,2,2
1928,2008,9,1,5,112,2,2,0
1929,2008,9,1,5,21,2,2,0
1930,2008,9,1,5,45,2,2,0
1931,2008,9,1,5,113,2,2,1
1932,2008,9,1,5,114,2,2,0
1933,2008,9,1,5,115,2,2,0
1934,2008,9,1,5,116,2,2,0
1935,2008,9,1,5,178,2,2,3
1936,2008,9,1,5,117,2,2,1
1937,2008,9,1,5,118,2,2,0
1938,2008,9,1,6,120,2,2,0
1939,2008,9,1,6,121,2,2,0
1940,2008,9,1,6,124,2,2,0
1941,2008,9,1,6,126,2,2,0
1942,2008,9,1,5,1,3,1,3
1943,2008,9,1,5,108,3,1,0
1944,2008,9,1,5,35,3,1,0
1945,2008,9,1,5,109,3,1,0
1946,2008,9,1,5,110,3,1,0
1947,2008,9,1,5,111,3,1,1
1948,2008,9,1,5,44,3,1,11
1949,2008,9,1,5,112,3,1,0
1950,2008,9,1,5,21,3,1,0
1951,2008,9,1,5,45,3,1,0
1952,2008,9,1,5,113,3,1,0
1953,2008,9,1,5,114,3,1,0
1954,2008,9,1,5,115,3,1,0
1955,2008,9,1,5,116,3,1,1
1956,2008,9,1,5,178,3,1,1
1957,2008,9,1,5,117,3,1,0
1958,2008,9,1,5,118,3,1,5
1959,2008,9,1,6,120,3,1,0
1960,2008,9,1,6,121,3,1,0
1961,2008,9,1,6,124,3,1,0
1962,2008,9,1,6,126,3,1,0
1963,2008,9,1,5,1,3,2,1
1964,2008,9,1,5,108,3,2,0
1965,2008,9,1,5,35,3,2,0
1966,2008,9,1,5,109,3,2,0
1967,2008,9,1,5,110,3,2,0
1968,2008,9,1,5,111,3,2,0
1969,2008,9,1,5,44,3,2,2
1970,2008,9,1,5,112,3,2,0
1971,2008,9,1,5,21,3,2,0
1972,2008,9,1,5,45,3,2,0
1973,2008,9,1,5,113,3,2,0
1974,2008,9,1,5,114,3,2,0
1975,2008,9,1,5,115,3,2,0
1976,2008,9,1,5,116,3,2,0
1977,2008,9,1,5,178,3,2,5
1978,2008,9,1,5,117,3,2,1
1979,2008,9,1,5,118,3,2,2
1980,2008,9,1,6,120,3,2,0
1981,2008,9,1,6,121,3,2,0
1982,2008,9,1,6,124,3,2,0
1983,2008,9,1,6,126,3,2,0
1984,2008,9,2,5,1,1,1,0
1985,2008,9,2,5,108,1,1,1
1986,2008,9,2,5,35,1,1,0
1987,2008,9,2,5,109,1,1,0
1988,2008,9,2,5,110,1,1,0
1989,2008,9,2,5,111,1,1,0
1990,2008,9,2,5,44,1,1,8
1991,2008,9,2,5,112,1,1,0
1992,2008,9,2,5,21,1,1,1
1993,2008,9,2,5,45,1,1,1
1994,2008,9,2,5,113,1,1,0
1995,2008,9,2,5,114,1,1,0
1996,2008,9,2,5,115,1,1,0
1997,2008,9,2,5,116,1,1,0
1998,2008,9,2,5,178,1,1,1
1999,2008,9,2,5,117,1,1,1
2000,2008,9,2,5,118,1,1,0
2001,2008,9,2,6,120,1,1,0
2002,2008,9,2,6,121,1,1,0
2003,2008,9,2,6,124,1,1,0
2004,2008,9,2,6,126,1,1,0
2005,2008,9,2,5,1,1,2,3
2006,2008,9,2,5,108,1,2,0
2007,2008,9,2,5,35,1,2,1
2008,2008,9,2,5,109,1,2,0
2009,2008,9,2,5,110,1,2,0
2010,2008,9,2,5,111,1,2,1
2011,2008,9,2,5,44,1,2,1
2012,2008,9,2,5,112,1,2,0
2013,2008,9,2,5,21,1,2,0
2014,2008,9,2,5,45,1,2,0
2015,2008,9,2,5,113,1,2,0
2016,2008,9,2,5,114,1,2,0
2017,2008,9,2,5,115,1,2,0
2018,2008,9,2,5,116,1,2,0
2019,2008,9,2,5,178,1,2,7
2020,2008,9,2,5,117,1,2,0
2021,2008,9,2,5,118,1,2,0
2022,2008,9,2,6,120,1,2,0
2023,2008,9,2,6,121,1,2,0
2024,2008,9,2,6,124,1,2,0
2025,2008,9,2,6,126,1,2,0
2026,2008,9,2,5,1,2,1,3
2027,2008,9,2,5,108,2,1,0
2028,2008,9,2,5,35,2,1,0
2029,2008,9,2,5,109,2,1,0
2030,2008,9,2,5,110,2,1,0
2031,2008,9,2,5,111,2,1,0
2032,2008,9,2,5,44,2,1,1
2033,2008,9,2,5,112,2,1,0
2034,2008,9,2,5,21,2,1,0
2035,2008,9,2,5,45,2,1,0
2036,2008,9,2,5,113,2,1,
2037,2008,9,2,5,114,2,1,0
2038,2008,9,2,5,115,2,1,0
2039,2008,9,2,5,116,2,1,0
2040,2008,9,2,5,178,2,1,0
2041,2008,9,2,5,117,2,1,0
2042,2008,9,2,5,118,2,1,0
2043,2008,9,2,6,120,2,1,0
2044,2008,9,2,6,121,2,1,0
2045,2008,9,2,6,124,2,1,0
2046,2008,9,2,6,126,2,1,0
2047,2008,9,2,5,1,2,2,5
2048,2008,9,2,5,108,2,2,0
2049,2008,9,2,5,35,2,2,0
2050,2008,9,2,5,109,2,2,0
2051,2008,9,2,5,110,2,2,0
2052,2008,9,2,5,111,2,2,0
2053,2008,9,2,5,44,2,2,11
2054,2008,9,2,5,112,2,2,0
2055,2008,9,2,5,21,2,2,1
2056,2008,9,2,5,45,2,2,0
2057,2008,9,2,5,113,2,2,2
2058,2008,9,2,5,114,2,2,0
2059,2008,9,2,5,115,2,2,0
2060,2008,9,2,5,116,2,2,0
2061,2008,9,2,5,178,2,2,2
2062,2008,9,2,5,117,2,2,1
2063,2008,9,2,5,118,2,2,5
2064,2008,9,2,6,120,2,2,0
2065,2008,9,2,6,121,2,2,0
2066,2008,9,2,6,124,2,2,0
2067,2008,9,2,6,126,2,2,0
2068,2008,9,2,5,1,3,1,2
2069,2008,9,2,5,108,3,1,0
2070,2008,9,2,5,35,3,1,0
2071,2008,9,2,5,109,3,1,0
2072,2008,9,2,5,110,3,1,0
2073,2008,9,2,5,111,3,1,0
2074,2008,9,2,5,44,3,1,3
2075,2008,9,2,5,112,3,1,0
2076,2008,9,2,5,21,3,1,0
2077,2008,9,2,5,45,3,1,0
2078,2008,9,2,5,113,3,1,1
2079,2008,9,2,5,114,3,1,0
2080,2008,9,2,5,115,3,1,0
2081,2008,9,2,5,116,3,1,0
2082,2008,9,2,5,178,3,1,6
2083,2008,9,2,5,117,3,1,1
2084,2008,9,2,5,118,3,1,2
2085,2008,9,2,6,120,3,1,0
2086,2008,9,2,6,121,3,1,0
2087,2008,9,2,6,124,3,1,0
2088,2008,9,2,6,126,3,1,0
2089,2008,9,2,5,1,3,2,3
2090,2008,9,2,5,108,3,2,0
2091,2008,9,2,5,35,3,2,0
2092,2008,9,2,5,109,3,2,0
2093,2008,9,2,5,110,3,2,0
2094,2008,9,2,5,111,3,2,0
2095,2008,9,2,5,44,3,2,1
2096,2008,9,2,5,112,3,2,0
2097,2008,9,2,5,21,3,2,0
2098,2008,9,2,5,45,3,2,0
2099,2008,9,2,5,113,3,2,
2100,2008,9,2,5,114,3,2,0
2101,2008,9,2,5,115,3,2,0
2102,2008,9,2,5,116,3,2,0
2103,2008,9,2,5,178,3,2,0
2104,2008,9,2,5,117,3,2,0
2105,2008,9,2,5,118,3,2,0
2106,2008,9,2,6,120,3,2,0
2107,2008,9,2,6,121,3,2,0
2108,2008,9,2,6,124,3,2,0
2109,2008,9,2,6,126,3,2,0
2110,2008,11,1,5,179,1,1,4
2111,2008,11,1,6,180,1,1,0
2112,2008,11,1,5,179,1,2,0
2113,2008,11,1,6,180,1,2,0
2114,2008,11,1,5,179,2,1,
2115,2008,11,1,6,180,2,1,0
2116,2008,11,1,5,179,2,2,
2117,2008,11,1,6,180,2,2,0
2118,2008,11,1,5,179,3,1,74
2119,2008,11,1,6,180,3,1,11
2120,2008,11,1,5,179,3,2,8
2121,2008,11,1,6,180,3,2,1
2122,2008,11,2,5,179,1,1,3
2123,2008,11,2,6,180,1,1,0
2124,2008,11,2,5,179,1,2,0
2125,2008,11,2,6,180,1,2,0
2126,2008,11,2,5,179,2,1,0
2127,2008,11,2,6,180,2,1,0
2128,2008,11,2,5,179,2,2,0
2129,2008,11,2,6,180,2,2,0
2130,2008,11,2,5,179,3,1,72
2131,2008,11,2,6,180,3,1,8
2132,2008,11,2,5,179,3,2,9
2133,2008,11,2,6,180,3,2,1
2134,2007,1,,5,1,1,,19
2135,2007,1,,5,6,1,,13
2136,2007,1,,5,88,1,,0
2137,2007,1,,5,14,1,,15
2138,2007,1,,5,13,1,,21
2139,2007,1,,5,34,1,,10
2140,2007,1,,5,15,1,,24
2141,2007,1,,5,19,1,,16
2142,2007,1,,5,21,1,,12
2143,2007,1,,5,81,1,,0
2144,2007,1,,5,32,1,,0
2145,2007,1,,5,174,1,,11
2146,2007,1,,5,181,1,,0
2147,2007,1,,5,91,1,,0
2148,2007,1,,5,152,1,,0
2149,2007,1,,5,31,1,,5
2150,2007,1,,5,29,1,,11
2151,2007,1,,5,27,1,,3
2152,2007,1,,5,32,1,,11
2153,2007,1,,5,28,1,,7
2154,2007,1,,5,92,1,,9
2155,2007,1,,5,33,1,,9
2156,2007,1,,5,35,1,,9
2157,2007,1,,5,41,1,,11
2158,2007,1,,5,38,1,,0
2159,2007,1,,5,1,2,,0
2160,2007,1,,5,6,2,,1
2161,2007,1,,5,88,2,,0
2162,2007,1,,5,14,2,,1
2163,2007,1,,5,13,2,,46
2164,2007,1,,5,34,2,,0
2165,2007,1,,5,15,2,,1
2166,2007,1,,5,19,2,,0
2167,2007,1,,5,21,2,,0
2168,2007,1,,5,81,2,,0
2169,2007,1,,5,32,2,,0
2170,2007,1,,5,174,2,,0
2171,2007,1,,5,181,2,,0
2172,2007,1,,5,91,2,,0
2173,2007,1,,5,152,2,,0
2174,2007,1,,5,31,2,,0
2175,2007,1,,5,29,2,,0
2176,2007,1,,5,27,2,,0
2177,2007,1,,5,32,2,,0
2178,2007,1,,5,28,2,,1
2179,2007,1,,5,92,2,,0
2180,2007,1,,5,33,2,,0
2181,2007,1,,5,35,2,,0
2182,2007,1,,5,41,2,,3
2183,2007,1,,5,38,2,,0
2184,2007,1,,5,1,3,,25
2185,2007,1,,5,6,3,,15
2186,2007,1,,5,88,3,,0
2187,2007,1,,5,14,3,,16
2188,2007,1,,5,13,3,,62
2189,2007,1,,5,34,3,,14
2190,2007,1,,5,15,3,,6
2191,2007,1,,5,19,3,,2
2192,2007,1,,5,21,3,,20
2193,2007,1,,5,81,3,,0
2194,2007,1,,5,32,3,,0
2195,2007,1,,5,174,3,,0
2196,2007,1,,5,181,3,,0
2197,2007,1,,5,91,3,,0
2198,2007,1,,5,152,3,,0
2199,2007,1,,5,31,3,,17
2200,2007,1,,5,29,3,,26
2201,2007,1,,5,27,3,,14
2202,2007,1,,5,32,3,,31
2203,2007,1,,5,28,3,,18
2204,2007,1,,5,92,3,,4
2205,2007,1,,5,33,3,,13
2206,2007,1,,5,35,3,,10
2207,2007,1,,5,41,3,,42
2208,2007,1,,5,38,3,,0
2209,2007,2,,5,1,1,,2
2210,2007,2,,5,6,1,,2
2211,2007,2,,5,44,1,,5
2212,2007,2,,5,41,1,,6
2213,2007,2,,5,45,1,,3
2214,2007,2,,5,34,1,,7
2215,2007,2,,5,20,1,,2
2216,2007,2,,5,73,1,,11
2217,2007,2,,5,35,1,,1
2218,2007,2,,6,49,1,,0
2219,2007,2,,6,48,1,,0
2220,2007,2,,5,1,2,,4
2221,2007,2,,5,6,2,,4
2222,2007,2,,5,44,2,,6
2223,2007,2,,5,41,2,,8
2224,2007,2,,5,45,2,,5
2225,2007,2,,5,34,2,,0
2226,2007,2,,5,20,2,,4
2227,2007,2,,5,73,2,,2
2228,2007,2,,5,35,2,,3
2229,2007,2,,6,49,2,,0
2230,2007,2,,6,48,2,,0
2231,2007,2,,5,1,3,,13
2232,2007,2,,5,6,3,,21
2233,2007,2,,5,44,3,,21
2234,2007,2,,5,41,3,,35
2235,2007,2,,5,45,3,,30
2236,2007,2,,5,34,3,,17
2237,2007,2,,5,20,3,,22
2238,2007,2,,5,73,3,,7
2239,2007,2,,5,35,3,,16
2240,2007,2,,6,49,3,,16
2241,2007,2,,6,48,3,,16
2242,2007,4,,5,79,1,,1
2243,2007,4,,5,81,1,,6
2244,2007,4,,5,80,1,,1
2245,2007,4,,5,83,1,,1
2246,2007,4,,5,85,1,,2
2247,2007,4,,5,45,1,,0
2248,2007,4,,5,86,1,,1
2249,2007,4,,5,44,1,,2
2250,2007,4,,5,79,2,,1
2251,2007,4,,5,81,2,,0
2252,2007,4,,5,80,2,,1
2253,2007,4,,5,83,2,,1
2254,2007,4,,5,85,2,,2
2255,2007,4,,5,45,2,,0
2256,2007,4,,5,86,2,,1
2257,2007,4,,5,44,2,,2
2258,2007,4,,5,79,3,,28
2259,2007,4,,5,81,3,,7
2260,2007,4,,5,80,3,,15
2261,2007,4,,5,83,3,,12
2262,2007,4,,5,85,3,,10
2263,2007,4,,5,45,3,,23
2264,2007,4,,5,86,3,,16
2265,2007,4,,5,44,3,,10
2266,2007,7,,6,182,1,,0
2267,2007,7,,6,183,1,,0
2268,2007,7,,6,184,1,,0
2269,2007,7,,6,182,2,,0
2270,2007,7,,6,183,2,,0
2271,2007,7,,6,184,2,,0
2272,2007,7,,6,182,3,,9
2273,2007,7,,6,183,3,,6
2274,2007,7,,6,184,3,,5
2275,2007,9,,5,1,1,,5
2276,2007,9,,5,44,1,,4
2277,2007,9,,5,45,1,,1
2278,2007,9,,5,21,1,,2
2279,2007,9,,5,111,1,,1
2280,2007,9,,5,117,1,,0
2281,2007,9,,5,118,1,,3
2282,2007,9,,5,110,1,,0
2283,2007,9,,5,115,1,,0
2284,2007,9,,5,34,1,,5
2285,2007,9,,5,178,1,,1
2286,2007,9,,5,109,1,,0
2287,2007,9,,5,114,1,,3
2288,2007,9,,5,1,2,,1
2289,2007,9,,5,44,2,,0
2290,2007,9,,5,45,2,,0
2291,2007,9,,5,21,2,,1
2292,2007,9,,5,111,2,,1
2293,2007,9,,5,117,2,,1
2294,2007,9,,5,118,2,,2
2295,2007,9,,5,110,2,,0
2296,2007,9,,5,115,2,,0
2297,2007,9,,5,34,2,,1
2298,2007,9,,5,178,2,,2
2299,2007,9,,5,109,2,,0
2300,2007,9,,5,114,2,,0
2301,2007,9,,5,1,3,,5
2302,2007,9,,5,44,3,,3
2303,2007,9,,5,45,3,,1
2304,2007,9,,5,21,3,,0
2305,2007,9,,5,111,3,,0
2306,2007,9,,5,117,3,,0
2307,2007,9,,5,118,3,,1
2308,2007,9,,5,110,3,,0
2309,2007,9,,5,115,3,,0
2310,2007,9,,5,34,3,,0
2311,2007,9,,5,178,3,,1
2312,2007,9,,5,109,3,,0
2313,2007,9,,5,114,3,,0
2314,2006,1,,5,1,1,,16
2315,2006,1,,5,6,1,,10
2316,2006,1,,5,14,1,,19
2317,2006,1,,5,13,1,,26
2318,2006,1,,5,34,1,,7
2319,2006,1,,5,15,1,,24
2320,2006,1,,5,19,1,,14
2321,2006,1,,5,21,1,,8
2322,2006,1,,5,185,1,,
2323,2006,1,,5,186,1,,6
2324,2006,1,,5,187,1,,
2325,2006,1,,5,175,1,,11
2326,2006,1,,5,188,1,,
2327,2006,1,,5,92,1,,
2328,2006,1,,5,151,1,,
2329,2006,1,,5,174,1,,12
2330,2006,1,,5,181,1,,
2331,2006,1,,5,91,1,,
2332,2006,1,,5,90,1,,
2333,2006,1,,5,152,1,,9
2334,2006,1,,5,31,1,,
2335,2006,1,,5,29,1,,
2336,2006,1,,5,27,1,,
2337,2006,1,,5,32,1,,
2338,2006,1,,5,28,1,,
2339,2006,1,,5,30,1,,
2340,2006,1,,5,33,1,,8
2341,2006,1,,5,35,1,,7
2342,2006,1,,5,41,1,,6
2343,2006,1,,5,38,1,,
2344,2006,1,,5,118,1,,0
2345,2006,1,,5,1,2,,1
2346,2006,1,,5,6,2,,0
2347,2006,1,,5,14,2,,0
2348,2006,1,,5,13,2,,4
2349,2006,1,,5,34,2,,1
2350,2006,1,,5,15,2,,1
2351,2006,1,,5,19,2,,2
2352,2006,1,,5,21,2,,4
2353,2006,1,,5,185,2,,
2354,2006,1,,5,186,2,,0
2355,2006,1,,5,187,2,,
2356,2006,1,,5,175,2,,0
2357,2006,1,,5,188,2,,
2358,2006,1,,5,92,2,,
2359,2006,1,,5,151,2,,
2360,2006,1,,5,174,2,,0
2361,2006,1,,5,181,2,,
2362,2006,1,,5,91,2,,
2363,2006,1,,5,90,2,,
2364,2006,1,,5,152,2,,0
2365,2006,1,,5,31,2,,
2366,2006,1,,5,29,2,,
2367,2006,1,,5,27,2,,
2368,2006,1,,5,32,2,,
2369,2006,1,,5,28,2,,
2370,2006,1,,5,30,2,,
2371,2006,1,,5,33,2,,0
2372,2006,1,,5,35,2,,2
2373,2006,1,,5,41,2,,6
2374,2006,1,,5,38,2,,
2375,2006,1,,5,118,2,,0
2376,2006,1,,5,1,4,,24
2377,2006,1,,5,6,4,,17
2378,2006,1,,5,14,4,,16
2379,2006,1,,5,13,4,,70
2380,2006,1,,5,34,4,,17
2381,2006,1,,5,15,4,,12
2382,2006,1,,5,19,4,,9
2383,2006,1,,5,21,4,,23
2384,2006,1,,5,185,4,,
2385,2006,1,,5,186,4,,0
2386,2006,1,,5,187,4,,
2387,2006,1,,5,175,4,,16
2388,2006,1,,5,188,4,,
2389,2006,1,,5,92,4,,
2390,2006,1,,5,151,4,,
2391,2006,1,,5,174,4,,19
2392,2006,1,,5,181,4,,
2393,2006,1,,5,91,4,,
2394,2006,1,,5,90,4,,
2395,2006,1,,5,152,4,,20
2396,2006,1,,5,31,4,,
2397,2006,1,,5,29,4,,
2398,2006,1,,5,27,4,,
2399,2006,1,,5,32,4,,
2400,2006,1,,5,28,4,,
2401,2006,1,,5,30,4,,
2402,2006,1,,5,33,4,,8
2403,2006,1,,5,35,4,,13
2404,2006,1,,5,41,4,,34
2405,2006,1,,5,38,4,,
2406,2006,1,,5,118,4,,1
2407,2006,1,,5,1,3,,1
2408,2006,1,,5,6,3,,0
2409,2006,1,,5,14,3,,0
2410,2006,1,,5,13,3,,4
2411,2006,1,,5,34,3,,1
2412,2006,1,,5,15,3,,1
2413,2006,1,,5,19,3,,2
2414,2006,1,,5,21,3,,4
2415,2006,1,,5,185,3,,
2416,2006,1,,5,186,3,,0
2417,2006,1,,5,187,3,,
2418,2006,1,,5,175,3,,0
2419,2006,1,,5,188,3,,
2420,2006,1,,5,92,3,,
2421,2006,1,,5,151,3,,
2422,2006,1,,5,174,3,,0
2423,2006,1,,5,181,3,,
2424,2006,1,,5,91,3,,
2425,2006,1,,5,90,3,,
2426,2006,1,,5,152,3,,0
2427,2006,1,,5,31,3,,
2428,2006,1,,5,29,3,,
2429,2006,1,,5,27,3,,
2430,2006,1,,5,32,3,,
2431,2006,1,,5,28,3,,
2432,2006,1,,5,30,3,,
2433,2006,1,,5,33,3,,0
2434,2006,1,,5,35,3,,2
2435,2006,1,,5,41,3,,6
2436,2006,1,,5,38,3,,
2437,2006,1,,5,118,3,,0
2438,2006,2,1,5,1,,1,3
2439,2006,2,1,5,6,,1,3
2440,2006,2,1,5,44,,1,7
2441,2006,2,1,5,41,,1,7
2442,2006,2,1,5,45,,1,10
2443,2006,2,1,5,34,,1,12
2444,2006,2,1,5,20,,1,4
2445,2006,2,1,5,73,,1,19
2446,2006,2,1,5,35,,1,7
2447,2006,2,1,6,48,,1,2
2448,2006,2,1,6,49,,1,3
2449,2006,2,1,6,89,,1,4
2450,2006,2,1,6,189,,1,
2451,2006,2,1,6,190,,1,2
2452,2006,2,1,6,191,,1,1
2453,2006,2,1,5,1,,2,19
2454,2006,2,1,5,6,,2,20
2455,2006,2,1,5,44,,2,22
2456,2006,2,1,5,41,,2,47
2457,2006,2,1,5,45,,2,53
2458,2006,2,1,5,34,,2,8
2459,2006,2,1,5,20,,2,23
2460,2006,2,1,5,73,,2,4
2461,2006,2,1,5,35,,2,8
2462,2006,2,1,6,48,,2,7
2463,2006,2,1,6,49,,2,6
2464,2006,2,1,6,89,,2,5
2465,2006,2,1,6,189,,2,
2466,2006,2,1,6,190,,2,7
2467,2006,2,1,6,191,,2,8
2468,2006,2,2,5,1,,1,3
2469,2006,2,2,5,6,,1,3
2470,2006,2,2,5,44,,1,7
2471,2006,2,2,5,41,,1,7
2472,2006,2,2,5,45,,1,10
2473,2006,2,2,5,34,,1,15
2474,2006,2,2,5,20,,1,3
2475,2006,2,2,5,73,,1,19
2476,2006,2,2,5,35,,1,7
2477,2006,2,2,6,48,,1,2
2478,2006,2,2,6,49,,1,3
2479,2006,2,2,6,89,,1,4
2480,2006,2,2,6,189,,1,
2481,2006,2,2,6,190,,1,2
2482,2006,2,2,6,191,,1,1
2483,2006,2,2,5,1,,2,3
2484,2006,2,2,5,6,,2,3
2485,2006,2,2,5,44,,2,7
2486,2006,2,2,5,41,,2,7
2487,2006,2,2,5,45,,2,10
2488,2006,2,2,5,34,,2,12
2489,2006,2,2,5,20,,2,4
2490,2006,2,2,5,73,,2,19
2491,2006,2,2,5,35,,2,7
2492,2006,2,2,6,48,,2,2
2493,2006,2,2,6,49,,2,3
2494,2006,2,2,6,89,,2,4
2495,2006,2,2,6,189,,2,
2496,2006,2,2,6,190,,2,2
2497,2006,2,2,6,191,,2,1
2498,2006,3,,5,1,1,,0
2499,2006,3,,5,44,1,,0
2500,2006,3,,5,21,1,,1
2501,2006,3,,5,93,1,,0
2502,2006,3,,5,176,1,,0
2503,2006,3,,5,6,1,,1
2504,2006,3,,5,41,1,,3
2505,2006,3,,5,96,1,,0
2506,2006,3,,5,98,1,,1
2507,2006,3,,5,34,1,,1
2508,2006,3,,5,1,2,,10
2509,2006,3,,5,44,2,,10
2510,2006,3,,5,21,2,,20
2511,2006,3,,5,93,2,,17
2512,2006,3,,5,176,2,,4
2513,2006,3,,5,6,2,,18
2514,2006,3,,5,41,2,,37
2515,2006,3,,5,96,2,,10
2516,2006,3,,5,98,2,,14
2517,2006,3,,5,34,2,,8
2518,2006,3,,5,1,3,,0
2519,2006,3,,5,44,3,,0
2520,2006,3,,5,21,3,,1
2521,2006,3,,5,93,3,,1
2522,2006,3,,5,176,3,,0
2523,2006,3,,5,6,3,,0
2524,2006,3,,5,41,3,,5
2525,2006,3,,5,96,3,,1
2526,2006,3,,5,98,3,,1
2527,2006,3,,5,34,3,,0
2528,2006,4,,5,81,1,,0
2529,2006,4,,5,85,1,,1
2530,2006,4,,5,45,1,,1
2531,2006,4,,5,79,1,,1
2532,2006,4,,5,80,1,,0
2533,2006,4,,5,83,1,,1
2534,2006,4,,5,86,1,,1
2535,2006,4,,5,44,1,,0
2536,2006,4,,5,118,1,,
2537,2006,4,,5,81,2,,1
2538,2006,4,,5,85,2,,0
2539,2006,4,,5,45,2,,0
2540,2006,4,,5,79,2,,0
2541,2006,4,,5,80,2,,0
2542,2006,4,,5,83,2,,0
2543,2006,4,,5,86,2,,0
2544,2006,4,,5,44,2,,0
2545,2006,4,,5,118,2,,
2546,2006,4,,5,81,3,,33
2547,2006,4,,5,85,3,,30
2548,2006,4,,5,45,3,,40
2549,2006,4,,5,79,3,,41
2550,2006,4,,5,80,3,,28
2551,2006,4,,5,83,3,,31
2552,2006,4,,5,86,3,,14
2553,2006,4,,5,44,3,,9
2554,2006,4,,5,118,3,,
2555,2006,7,,6,182,3,1,8
2556,2006,7,,6,184,3,1,6
2557,2006,7,,6,182,3,2,3
2558,2006,7,,6,184,3,2,3
2559,2006,9,,5,1,3,1,8
2560,2006,9,,5,44,3,1,4
2561,2006,9,,5,111,3,1,0
2562,2006,9,,5,117,3,1,0
2563,2006,9,,5,118,3,1,5
2564,2006,9,,5,116,3,1,4
2565,2006,9,,5,115,3,1,2
2566,2006,9,,5,178,3,1,1
2567,2006,9,,5,192,3,1,1
2568,2006,9,,5,1,3,2,7
2569,2006,9,,5,44,3,2,2
2570,2006,9,,5,111,3,2,3
2571,2006,9,,5,117,3,2,2
2572,2006,9,,5,118,3,2,2
2573,2006,9,,5,116,3,2,0
2574,2006,9,,5,115,3,2,0
2575,2006,9,,5,178,3,2,6
2576,2006,9,,5,192,3,2,0
2577,2006,9,,5,1,2,1,0
2578,2006,9,,5,44,2,1,1
2579,2006,9,,5,111,2,1,0
2580,2006,9,,5,117,2,1,0
2581,2006,9,,5,118,2,1,1
2582,2006,9,,5,116,2,1,1
2583,2006,9,,5,115,2,1,0
2584,2006,9,,5,178,2,1,0
2585,2006,9,,5,192,2,1,0
2586,2006,9,,5,1,2,2,1
2587,2006,9,,5,44,2,2,0
2588,2006,9,,5,111,2,2,1
2589,2006,9,,5,117,2,2,0
2590,2006,9,,5,118,2,2,0
2591,2006,9,,5,116,2,2,0
2592,2006,9,,5,115,2,2,0
2593,2006,9,,5,178,2,2,1
2594,2006,9,,5,192,2,2,1
2595,2006,10,,5,193,,1,2
2596,2006,10,,5,194,,1,2
2597,2006,10,,5,195,,1,2
2598,2006,10,,5,196,,1,2
2599,2006,10,,5,197,,1,2
2600,2006,10,,5,1,,1,2
2601,2006,10,,5,198,,1,2
2602,2006,10,,5,199,,1,2
2603,2006,10,,5,159,,1,1
2604,2006,10,,5,200,,1,2
2605,2006,10,,5,201,,1,1
2606,2006,10,,5,141,,1,1
2607,2006,10,,5,202,,1,1
2608,2006,10,,5,203,,1,1
2609,2006,10,,5,204,,1,1
2610,2006,10,,5,205,,1,1
2611,2006,10,,5,143,,1,1
2612,2006,10,,5,144,,1,1
2613,2006,10,,5,206,,1,1
2614,2006,10,,5,193,,2,1
2615,2006,10,,5,194,,2,1
2616,2006,10,,5,195,,2,1
2617,2006,10,,5,196,,2,1
2618,2006,10,,5,197,,2,1
2619,2006,10,,5,1,,2,1
2620,2006,10,,5,198,,2,1
2621,2006,10,,5,199,,2,1
2622,2006,10,,5,159,,2,1
2623,2006,10,,5,200,,2,1
2624,2006,10,,5,201,,2,1
2625,2006,10,,5,141,,2,2
2626,2006,10,,5,202,,2,2
2627,2006,10,,5,203,,2,2
2628,2006,10,,5,204,,2,2
2629,2006,10,,5,205,,2,2
2630,2006,10,,5,143,,2,1
2631,2006,10,,5,144,,2,1
2632,2006,10,,5,206,,2,1
2633,2006,11,2,5,179,,1,27
2634,2006,11,2,5,207,,1,0
2635,2006,11,2,6,208,,1,0
2636,2006,11,2,6,209,,1,1
2637,2006,11,2,5,179,,2,3
2638,2006,11,2,5,207,,2,0
2639,2006,11,2,6,208,,2,6
2640,2006,11,2,6,209,,2,14
2641,2004,1,,5,1,1,,16
2642,2004,1,,5,6,1,,10
2643,2004,1,,5,14,1,,19
2644,2004,1,,5,13,1,,26
2645,2004,1,,5,34,1,,7
2646,2004,1,,5,15,1,,24
2647,2004,1,,5,19,1,,14
2648,2004,1,,5,21,1,,8
2649,2004,1,,5,185,1,,
2650,2004,1,,5,186,1,,6
2651,2004,1,,5,187,1,,
2652,2004,1,,5,175,1,,11
2653,2004,1,,5,188,1,,
2654,2004,1,,5,92,1,,
2655,2004,1,,5,151,1,,
2656,2004,1,,5,174,1,,12
2657,2004,1,,5,181,1,,
2658,2004,1,,5,91,1,,
2659,2004,1,,5,90,1,,
2660,2004,1,,5,152,1,,9
2661,2004,1,,5,31,1,,
2662,2004,1,,5,29,1,,
2663,2004,1,,5,27,1,,
2664,2004,1,,5,32,1,,
2665,2004,1,,5,28,1,,
2666,2004,1,,5,30,1,,
2667,2004,1,,5,33,1,,8
2668,2004,1,,5,35,1,,7
2669,2004,1,,5,41,1,,6
2670,2004,1,,5,38,1,,
2671,2004,1,,5,118,1,,0
2672,2004,1,,5,1,2,,0
2673,2004,1,,5,6,2,,1
2674,2004,1,,5,14,2,,1
2675,2004,1,,5,13,2,,41
2676,2004,1,,5,34,2,,0
2677,2004,1,,5,15,2,,1
2678,2004,1,,5,19,2,,1
2679,2004,1,,5,21,2,,0
2680,2004,1,,5,185,2,,
2681,2004,1,,5,186,2,,0
2682,2004,1,,5,187,2,,
2683,2004,1,,5,175,2,,0
2684,2004,1,,5,188,2,,
2685,2004,1,,5,92,2,,
2686,2004,1,,5,151,2,,
2687,2004,1,,5,174,2,,0
2688,2004,1,,5,181,2,,
2689,2004,1,,5,91,2,,
2690,2004,1,,5,90,2,,
2691,2004,1,,5,152,2,,1
2692,2004,1,,5,31,2,,
2693,2004,1,,5,29,2,,
2694,2004,1,,5,27,2,,
2695,2004,1,,5,32,2,,
2696,2004,1,,5,28,2,,
2697,2004,1,,5,30,2,,
2698,2004,1,,5,33,2,,0
2699,2004,1,,5,35,2,,1
2700,2004,1,,5,41,2,,2
2701,2004,1,,5,38,2,,
2702,2004,1,,5,118,2,,0
2703,2004,1,,5,1,4,,1
2704,2004,1,,5,6,4,,0
2705,2004,1,,5,14,4,,0
2706,2004,1,,5,13,4,,4
2707,2004,1,,5,34,4,,1
2708,2004,1,,5,15,4,,1
2709,2004,1,,5,19,4,,2
2710,2004,1,,5,21,4,,4
2711,2004,1,,5,185,4,,
2712,2004,1,,5,186,4,,0
2713,2004,1,,5,187,4,,
2714,2004,1,,5,175,4,,0
2715,2004,1,,5,188,4,,
2716,2004,1,,5,92,4,,
2717,2004,1,,5,151,4,,
2718,2004,1,,5,174,4,,0
2719,2004,1,,5,181,4,,
2720,2004,1,,5,91,4,,
2721,2004,1,,5,90,4,,
2722,2004,1,,5,152,4,,0
2723,2004,1,,5,31,4,,
2724,2004,1,,5,29,4,,
2725,2004,1,,5,27,4,,
2726,2004,1,,5,32,4,,
2727,2004,1,,5,28,4,,
2728,2004,1,,5,30,4,,
2729,2004,1,,5,33,4,,0
2730,2004,1,,5,35,4,,2
2731,2004,1,,5,41,4,,6
2732,2004,1,,5,38,4,,
2733,2004,1,,5,118,4,,0
2734,2004,1,,5,1,3,,24
2735,2004,1,,5,6,3,,18
2736,2004,1,,5,14,3,,16
2737,2004,1,,5,13,3,,70
2738,2004,1,,5,34,3,,17
2739,2004,1,,5,15,3,,12
2740,2004,1,,5,19,3,,9
2741,2004,1,,5,21,3,,23
2742,2004,1,,5,185,3,,
2743,2004,1,,5,186,3,,0
2744,2004,1,,5,187,3,,
2745,2004,1,,5,175,3,,16
2746,2004,1,,5,188,3,,
2747,2004,1,,5,92,3,,
2748,2004,1,,5,151,3,,
2749,2004,1,,5,174,3,,19
2750,2004,1,,5,181,3,,
2751,2004,1,,5,91,3,,
2752,2004,1,,5,90,3,,
2753,2004,1,,5,152,3,,20
2754,2004,1,,5,31,3,,
2755,2004,1,,5,29,3,,
2756,2004,1,,5,27,3,,
2757,2004,1,,5,32,3,,
2758,2004,1,,5,28,3,,
2759,2004,1,,5,30,3,,
2760,2004,1,,5,33,3,,8
2761,2004,1,,5,35,3,,13
2762,2004,1,,5,41,3,,34
2763,2004,1,,5,38,3,,
2764,2004,1,,5,118,3,,1
2765,2004,2,1,5,1,,1,19
2766,2004,2,1,5,6,,1,20
2767,2004,2,1,5,44,,1,22
2768,2004,2,1,5,41,,1,47
2769,2004,2,1,5,45,,1,53
2770,2004,2,1,5,34,,1,11
2771,2004,2,1,5,20,,1,22
2772,2004,2,1,5,73,,1,4
2773,2004,2,1,5,35,,1,8
2774,2004,2,1,6,48,,1,7
2775,2004,2,1,6,49,,1,6
2776,2004,2,1,6,210,,1,5
2777,2004,2,1,6,189,,1,
2778,2004,2,1,6,190,,1,7
2779,2004,2,1,6,191,,1,8
2780,2004,2,1,5,1,,2,3
2781,2004,2,1,5,6,,2,3
2782,2004,2,1,5,44,,2,7
2783,2004,2,1,5,41,,2,7
2784,2004,2,1,5,45,,2,10
2785,2004,2,1,5,34,,2,12
2786,2004,2,1,5,20,,2,4
2787,2004,2,1,5,73,,2,19
2788,2004,2,1,5,35,,2,7
2789,2004,2,1,6,48,,2,2
2790,2004,2,1,6,49,,2,3
2791,2004,2,1,6,210,,2,4
2792,2004,2,1,6,189,,2,
2793,2004,2,1,6,190,,2,2
2794,2004,2,1,6,191,,2,1
2795,2004,2,2,5,1,,1,19
2796,2004,2,2,5,6,,1,20
2797,2004,2,2,5,44,,1,22
2798,2004,2,2,5,41,,1,47
2799,2004,2,2,5,45,,1,53
2800,2004,2,2,5,34,,1,8
2801,2004,2,2,5,20,,1,23
2802,2004,2,2,5,73,,1,4
2803,2004,2,2,5,35,,1,8
2804,2004,2,2,6,48,,1,7
2805,2004,2,2,6,49,,1,6
2806,2004,2,2,6,210,,1,5
2807,2004,2,2,6,189,,1,
2808,2004,2,2,6,190,,1,7
2809,2004,2,2,6,191,,1,8
2810,2004,2,2,5,1,,2,3
2811,2004,2,2,5,6,,2,3
2812,2004,2,2,5,44,,2,7
2813,2004,2,2,5,41,,2,7
2814,2004,2,2,5,45,,2,10
2815,2004,2,2,5,34,,2,15
2816,2004,2,2,5,20,,2,3
2817,2004,2,2,5,73,,2,19
2818,2004,2,2,5,35,,2,7
2819,2004,2,2,6,48,,2,2
2820,2004,2,2,6,49,,2,3
2821,2004,2,2,6,210,,2,4
2822,2004,2,2,6,189,,2,
2823,2004,2,2,6,190,,2,2
2824,2004,2,2,6,191,,2,1
2825,2004,3,,5,1,1,,0
2826,2004,3,,5,44,1,,0
2827,2004,3,,5,21,1,,1
2828,2004,3,,5,93,1,,0
2829,2004,3,,5,176,1,,0
2830,2004,3,,5,6,1,,1
2831,2004,3,,5,41,1,,3
2832,2004,3,,5,96,1,,0
2833,2004,3,,5,98,1,,1
2834,2004,3,,5,34,1,,1
2835,2004,3,,5,1,3,,10
2836,2004,3,,5,44,3,,10
2837,2004,3,,5,21,3,,20
2838,2004,3,,5,93,3,,17
2839,2004,3,,5,176,3,,4
2840,2004,3,,5,6,3,,18
2841,2004,3,,5,41,3,,37
2842,2004,3,,5,96,3,,10
2843,2004,3,,5,98,3,,14
2844,2004,3,,5,34,3,,8
2845,2004,3,,5,1,2,,0
2846,2004,3,,5,44,2,,0
2847,2004,3,,5,21,2,,1
2848,2004,3,,5,93,2,,1
2849,2004,3,,5,176,2,,0
2850,2004,3,,5,6,2,,0
2851,2004,3,,5,41,2,,5
2852,2004,3,,5,96,2,,1
2853,2004,3,,5,98,2,,1
2854,2004,3,,5,34,2,,0
2855,2004,4,,5,1,1,,0
2856,2004,4,,5,85,1,,1
2857,2004,4,,5,45,1,,1
2858,2004,4,,5,79,1,,1
2859,2004,4,,5,80,1,,0
2860,2004,4,,5,83,1,,1
2861,2004,4,,5,86,1,,1
2862,2004,4,,5,44,1,,0
2863,2004,4,,5,118,1,,
2864,2004,4,,5,1,2,,1
2865,2004,4,,5,85,2,,0
2866,2004,4,,5,45,2,,0
2867,2004,4,,5,79,2,,0
2868,2004,4,,5,80,2,,0
2869,2004,4,,5,83,2,,0
2870,2004,4,,5,86,2,,0
2871,2004,4,,5,44,2,,0
2872,2004,4,,5,118,2,,
2873,2004,4,,5,1,3,,33
2874,2004,4,,5,85,3,,30
2875,2004,4,,5,45,3,,40
2876,2004,4,,5,79,3,,41
2877,2004,4,,5,80,3,,28
2878,2004,4,,5,83,3,,31
2879,2004,4,,5,86,3,,14
2880,2004,4,,5,44,3,,9
2881,2004,4,,5,118,3,,
2882,2004,7,,6,182,,1,8
2883,2004,7,,6,184,,1,3
2884,2004,7,,6,182,,2,6
2885,2004,7,,6,184,,2,3
2886,2004,9,,5,1,3,1,8
2887,2004,9,,5,44,3,1,4
2888,2004,9,,5,111,3,1,0
2889,2004,9,,5,117,3,1,0
2890,2004,9,,5,118,3,1,5
2891,2004,9,,5,116,3,1,4
2892,2004,9,,5,115,3,1,2
2893,2004,9,,5,178,3,1,1
2894,2004,9,,5,192,3,1,1
2895,2004,9,,5,1,3,1,7
2896,2004,9,,5,44,3,1,2
2897,2004,9,,5,111,3,1,3
2898,2004,9,,5,117,3,1,2
2899,2004,9,,5,118,3,1,2
2900,2004,9,,5,116,3,1,0
2901,2004,9,,5,115,3,1,0
2902,2004,9,,5,178,3,1,6
2903,2004,9,,5,192,3,1,0
2904,2004,9,,5,1,2,2,0
2905,2004,9,,5,44,2,2,1
2906,2004,9,,5,111,2,2,0
2907,2004,9,,5,117,2,2,0
2908,2004,9,,5,118,2,2,1
2909,2004,9,,5,116,2,2,1
2910,2004,9,,5,115,2,2,0
2911,2004,9,,5,178,2,2,0
2912,2004,9,,5,192,2,2,0
2913,2004,9,,5,1,2,2,1
2914,2004,9,,5,44,2,2,0
2915,2004,9,,5,111,2,2,1
2916,2004,9,,5,117,2,2,0
2917,2004,9,,5,118,2,2,0
2918,2004,9,,5,116,2,2,0
2919,2004,9,,5,115,2,2,0
2920,2004,9,,5,178,2,2,1
2921,2004,9,,5,192,2,2,1
2922,2004,10,,5,193,1,1,2
2923,2004,10,,5,194,1,1,2
2924,2004,10,,5,195,1,1,2
2925,2004,10,,5,196,1,1,2
2926,2004,10,,5,197,1,1,2
2927,2004,10,,5,1,1,1,2
2928,2004,10,,5,198,1,1,2
2929,2004,10,,5,199,1,1,2
2930,2004,10,,5,159,1,1,1
2931,2004,10,,5,200,1,1,2
2932,2004,10,,5,201,1,1,1
2933,2004,10,,5,141,1,1,1
2934,2004,10,,5,202,1,1,1
2935,2004,10,,5,203,1,1,1
2936,2004,10,,5,204,1,1,1
2937,2004,10,,5,205,1,1,1
2938,2004,10,,5,143,1,1,1
2939,2004,10,,5,144,1,1,1
2940,2004,10,,5,206,1,1,1
2941,2004,10,,6,211,1,1,0
2942,2004,10,,6,212,1,1,0
2943,2004,10,,5,193,1,2,1
2944,2004,10,,5,194,1,2,1
2945,2004,10,,5,195,1,2,1
2946,2004,10,,5,196,1,2,1
2947,2004,10,,5,197,1,2,1
2948,2004,10,,5,1,1,2,1
2949,2004,10,,5,198,1,2,1
2950,2004,10,,5,199,1,2,1
2951,2004,10,,5,159,1,2,1
2952,2004,10,,5,200,1,2,1
2953,2004,10,,5,201,1,2,1
2954,2004,10,,5,141,1,2,2
2955,2004,10,,5,202,1,2,2
2956,2004,10,,5,203,1,2,2
2957,2004,10,,5,204,1,2,2
2958,2004,10,,5,205,1,2,2
2959,2004,10,,5,143,1,2,1
2960,2004,10,,5,144,1,2,1
2961,2004,10,,5,206,1,2,1
2962,2004,10,,6,211,1,2,0
2963,2004,10,,6,212,1,2,0
2964,2004,11,2,5,179,,1,27
2965,2004,11,2,5,207,,1,0
2966,2004,11,2,6,208,,1,0
2967,2004,11,2,6,209,,1,1
2968,2004,11,2,5,179,,2,3
2969,2004,11,2,5,207,,2,0
2970,2004,11,2,6,208,,2,6
2971,2004,11,2,6,209,,2,14
2972,2003,1,,5,1,1,,18
2973,2003,1,,5,6,1,,12
2974,2003,1,,5,14,1,,19
2975,2003,1,,5,13,1,,25
2976,2003,1,,5,34,1,,5
2977,2003,1,,5,15,1,,24
2978,2003,1,,5,19,1,,14
2979,2003,1,,5,21,1,,7
2980,2003,1,,5,185,1,,
2981,2003,1,,5,186,1,,6
2982,2003,1,,5,187,1,,
2983,2003,1,,5,175,1,,12
2984,2003,1,,5,188,1,,
2985,2003,1,,5,92,1,,9
2986,2003,1,,5,151,1,,
2987,2003,1,,5,174,1,,11
2988,2003,1,,5,181,1,,0
2989,2003,1,,5,91,1,,
2990,2003,1,,5,90,1,,6
2991,2003,1,,5,152,1,,9
2992,2003,1,,5,31,1,,
2993,2003,1,,5,146,1,,
2994,2003,1,,5,27,1,,
2995,2003,1,,5,32,1,,
2996,2003,1,,5,28,1,,
2997,2003,1,,5,30,1,,
2998,2003,1,,5,33,1,,10
2999,2003,1,,5,35,1,,7
3000,2003,1,,5,41,1,,5
3001,2003,1,,5,38,1,,
3002,2003,1,,5,1,2,,0
3003,2003,1,,5,6,2,,1
3004,2003,1,,5,14,2,,1
3005,2003,1,,5,13,2,,47
3006,2003,1,,5,34,2,,0
3007,2003,1,,5,15,2,,1
3008,2003,1,,5,19,2,,0
3009,2003,1,,5,21,2,,0
3010,2003,1,,5,185,2,,
3011,2003,1,,5,186,2,,0
3012,2003,1,,5,187,2,,
3013,2003,1,,5,175,2,,0
3014,2003,1,,5,188,2,,
3015,2003,1,,5,92,2,,0
3016,2003,1,,5,151,2,,
3017,2003,1,,5,174,2,,0
3018,2003,1,,5,181,2,,0
3019,2003,1,,5,91,2,,
3020,2003,1,,5,90,2,,0
3021,2003,1,,5,152,2,,1
3022,2003,1,,5,31,2,,
3023,2003,1,,5,146,2,,
3024,2003,1,,5,27,2,,
3025,2003,1,,5,32,2,,
3026,2003,1,,5,28,2,,
3027,2003,1,,5,30,2,,
3028,2003,1,,5,33,2,,0
3029,2003,1,,5,35,2,,2
3030,2003,1,,5,41,2,,2
3031,2003,1,,5,38,2,,
3032,2003,1,,5,1,4,,1
3033,2003,1,,5,6,4,,0
3034,2003,1,,5,14,4,,0
3035,2003,1,,5,13,4,,2
3036,2003,1,,5,34,4,,2
3037,2003,1,,5,15,4,,1
3038,2003,1,,5,19,4,,2
3039,2003,1,,5,21,4,,2
3040,2003,1,,5,185,4,,
3041,2003,1,,5,186,4,,0
3042,2003,1,,5,187,4,,
3043,2003,1,,5,175,4,,0
3044,2003,1,,5,188,4,,
3045,2003,1,,5,92,4,,0
3046,2003,1,,5,151,4,,
3047,2003,1,,5,174,4,,0
3048,2003,1,,5,181,4,,0
3049,2003,1,,5,91,4,,
3050,2003,1,,5,90,4,,0
3051,2003,1,,5,152,4,,0
3052,2003,1,,5,31,4,,
3053,2003,1,,5,146,4,,
3054,2003,1,,5,27,4,,
3055,2003,1,,5,32,4,,
3056,2003,1,,5,28,4,,
3057,2003,1,,5,30,4,,
3058,2003,1,,5,33,4,,1
3059,2003,1,,5,35,4,,2
3060,2003,1,,5,41,4,,0
3061,2003,1,,5,38,4,,
3062,2003,1,,5,1,3,,21
3063,2003,1,,5,6,3,,15
3064,2003,1,,5,14,3,,8
3065,2003,1,,5,13,3,,50
3066,2003,1,,5,34,3,,15
3067,2003,1,,5,15,3,,8
3068,2003,1,,5,19,3,,10
3069,2003,1,,5,21,3,,18
3070,2003,1,,5,185,3,,
3071,2003,1,,5,186,3,,0
3072,2003,1,,5,187,3,,
3073,2003,1,,5,175,3,,0
3074,2003,1,,5,188,3,,
3075,2003,1,,5,92,3,,15
3076,2003,1,,5,151,3,,
3077,2003,1,,5,174,3,,12
3078,2003,1,,5,181,3,,6
3079,2003,1,,5,91,3,,
3080,2003,1,,5,90,3,,15
3081,2003,1,,5,152,3,,14
3082,2003,1,,5,31,3,,
3083,2003,1,,5,146,3,,
3084,2003,1,,5,27,3,,
3085,2003,1,,5,32,3,,
3086,2003,1,,5,28,3,,
3087,2003,1,,5,30,3,,
3088,2003,1,,5,33,3,,7
3089,2003,1,,5,35,3,,10
3090,2003,1,,5,41,3,,48
3091,2003,1,,5,38,3,,
3092,2003,2,1,5,1,,1,5
3093,2003,2,1,5,6,,1,9
3094,2003,2,1,5,44,,1,6
3095,2003,2,1,5,41,,1,5
3096,2003,2,1,5,45,,1,4
3097,2003,2,1,5,34,,1,11
3098,2003,2,1,5,20,,1,4
3099,2003,2,1,5,73,,1,18
3100,2003,2,1,5,35,,1,8
3101,2003,2,1,5,1,,2,30
3102,2003,2,1,5,6,,2,26
3103,2003,2,1,5,44,,2,25
3104,2003,2,1,5,41,,2,55
3105,2003,2,1,5,45,,2,40
3106,2003,2,1,5,34,,2,9
3107,2003,2,1,5,20,,2,18
3108,2003,2,1,5,73,,2,4
3109,2003,2,1,5,35,,2,15
3110,2003,2,2,5,1,,1,7
3111,2003,2,2,5,6,,1,10
3112,2003,2,2,5,44,,1,8
3113,2003,2,2,5,41,,1,6
3114,2003,2,2,5,45,,1,5
3115,2003,2,2,5,34,,1,11
3116,2003,2,2,5,20,,1,8
3117,2003,2,2,5,73,,1,18
3118,2003,2,2,5,35,,1,10
3119,2003,2,2,5,1,,2,5
3120,2003,2,2,5,6,,2,9
3121,2003,2,2,5,44,,2,6
3122,2003,2,2,5,41,,2,5
3123,2003,2,2,5,45,,2,4
3124,2003,2,2,5,34,,2,11
3125,2003,2,2,5,20,,2,4
3126,2003,2,2,5,73,,2,18
3127,2003,2,2,5,35,,2,8
3128,2003,3,,5,1,1,,0
3129,2003,3,,5,44,1,,0
3130,2003,3,,5,21,1,,1
3131,2003,3,,5,93,1,,0
3132,2003,3,,5,176,1,,0
3133,2003,3,,5,6,1,,1
3134,2003,3,,5,41,1,,3
3135,2003,3,,5,96,1,,0
3136,2003,3,,5,98,1,,1
3137,2003,3,,5,34,1,,1
3138,2003,3,,5,1,3,,10
3139,2003,3,,5,44,3,,10
3140,2003,3,,5,21,3,,20
3141,2003,3,,5,93,3,,17
3142,2003,3,,5,176,3,,4
3143,2003,3,,5,6,3,,18
3144,2003,3,,5,41,3,,37
3145,2003,3,,5,96,3,,10
3146,2003,3,,5,98,3,,14
3147,2003,3,,5,34,3,,8
3148,2003,3,,5,1,2,,0
3149,2003,3,,5,44,2,,0
3150,2003,3,,5,21,2,,1
3151,2003,3,,5,93,2,,1
3152,2003,3,,5,176,2,,0
3153,2003,3,,5,6,2,,0
3154,2003,3,,5,41,2,,5
3155,2003,3,,5,96,2,,1
3156,2003,3,,5,98,2,,1
3157,2003,3,,5,34,2,,0
3158,2003,8,,6,213,3,1,9
3159,2003,8,,6,214,3,1,11
3160,2003,8,,6,213,3,2,1
3161,2003,8,,6,213,3,2,3
3162,2003,9,,5,1,3,1,8
3163,2003,9,,5,44,3,1,4
3164,2003,9,,5,111,3,1,0
3165,2003,9,,5,117,3,1,0
3166,2003,9,,5,118,3,1,5
3167,2003,9,,5,116,3,1,4
3168,2003,9,,5,115,3,1,2
3169,2003,9,,5,178,3,1,1
3170,2003,9,,5,192,3,1,1
3171,2003,9,,5,1,3,2,7
3172,2003,9,,5,44,3,2,2
3173,2003,9,,5,111,3,2,3
3174,2003,9,,5,117,3,2,2
3175,2003,9,,5,118,3,2,2
3176,2003,9,,5,116,3,2,0
3177,2003,9,,5,115,3,2,0
3178,2003,9,,5,178,3,2,6
3179,2003,9,,5,192,3,2,0
3180,2003,9,,5,1,2,1,0
3181,2003,9,,5,44,2,1,1
3182,2003,9,,5,111,2,1,0
3183,2003,9,,5,117,2,1,0
3184,2003,9,,5,118,2,1,1
3185,2003,9,,5,116,2,1,1
3186,2003,9,,5,115,2,1,0
3187,2003,9,,5,178,2,1,0
3188,2003,9,,5,192,2,1,0
3189,2003,9,,5,1,2,2,1
3190,2003,9,,5,44,2,2,0
3191,2003,9,,5,111,2,2,1
3192,2003,9,,5,117,2,2,0
3193,2003,9,,5,118,2,2,0
3194,2003,9,,5,116,2,2,0
3195,2003,9,,5,115,2,2,0
3196,2003,9,,5,178,2,2,1
3197,2003,9,,5,192,2,2,1
3198,2003,10,,5,193,1,1,2
3199,2003,10,,5,194,1,1,2
3200,2003,10,,5,195,1,1,2
3201,2003,10,,5,215,1,1,2
3202,2003,10,,5,149,1,1,2
3203,2003,10,,5,197,1,1,2
3204,2003,10,,5,1,1,1,2
3205,2003,10,,5,198,1,1,2
3206,2003,10,,5,159,1,1,1
3207,2003,10,,5,109,1,1,1
3208,2003,10,,5,200,1,1,1
3209,2003,10,,5,201,1,1,1
3210,2003,10,,5,141,1,1,1
3211,2003,10,,5,202,1,1,1
3212,2003,10,,5,203,1,1,1
3213,2003,10,,5,205,1,1,1
3214,2003,10,,5,143,1,1,1
3215,2003,10,,5,144,1,1,1
3216,2003,10,,5,206,1,1,1
3217,2003,10,,5,193,1,2,1
3218,2003,10,,5,194,1,2,1
3219,2003,10,,5,195,1,2,1
3220,2003,10,,5,215,1,2,1
3221,2003,10,,5,149,1,2,1
3222,2003,10,,5,197,1,2,1
3223,2003,10,,5,1,1,2,1
3224,2003,10,,5,198,1,2,1
3225,2003,10,,5,159,1,2,1
3226,2003,10,,5,109,1,2,1
3227,2003,10,,5,200,1,2,1
3228,2003,10,,5,201,1,2,1
3229,2003,10,,5,141,1,2,2
3230,2003,10,,5,202,1,2,1
3231,2003,10,,5,203,1,2,1
3232,2003,10,,5,205,1,2,2
3233,2003,10,,5,143,1,2,2
3234,2003,10,,5,144,1,2,2
3235,2003,10,,5,206,1,2,2
3236,2003,11,2,5,179,,1,27
3237,2003,11,2,5,207,,1,0
3238,2003,11,2,6,179,,1,0
3239,2003,11,2,6,209,,1,1
3240,2003,11,2,5,179,,2,3
3241,2003,11,2,5,207,,2,0
3242,2003,11,2,6,179,,2,6
3243,2003,11,2,6,209,,2,14
3244,2003,12,,6,216,,1,16
3245,2003,12,,6,217,,1,14
3246,2003,12,,6,216,,2,3
3247,2003,12,,6,217,,2,6
3248,2002,1,,5,1,1,,0
3249,2002,1,,5,6,1,,1
3250,2002,1,,5,11,1,,0
3251,2002,1,,5,13,1,,49
3252,2002,1,,5,14,1,,1
3253,2002,1,,5,34,1,,0
3254,2002,1,,5,186,1,,0
3255,2002,1,,5,175,1,,0
3256,2002,1,,5,174,1,,0
3257,2002,1,,5,181,1,,0
3258,2002,1,,5,152,1,,1
3259,2002,1,,5,188,1,,0
3260,2002,1,,5,91,1,,0
3261,2002,1,,5,90,1,,0
3262,2002,1,,5,151,1,,0
3263,2002,1,,5,187,1,,0
3264,2002,1,,5,92,1,,0
3265,2002,1,,5,31,1,,0
3266,2002,1,,5,29,1,,0
3267,2002,1,,5,27,1,,0
3268,2002,1,,5,32,1,,0
3269,2002,1,,5,28,1,,0
3270,2002,1,,5,33,1,,0
3271,2002,1,,5,30,1,,0
3272,2002,1,,5,218,1,,0
3273,2002,1,,5,35,1,,0
3274,2002,1,,5,219,1,,0
3275,2002,1,,5,15,1,,1
3276,2002,1,,5,19,1,,0
3277,2002,1,,5,21,1,,0
3278,2002,1,,5,129,1,,0
3279,2002,1,,5,25,1,,0
3280,2002,1,,5,118,1,,0
3281,2002,1,,5,185,1,,0
3282,2002,1,,5,220,1,,0
3283,2002,1,,5,41,1,,2
3284,2002,1,,5,38,1,,0
3285,2002,1,,5,1,2,,0
3286,2002,1,,5,6,2,,1
3287,2002,1,,5,11,2,,0
3288,2002,1,,5,13,2,,0
3289,2002,1,,5,14,2,,0
3290,2002,1,,5,34,2,,1
3291,2002,1,,5,186,2,,0
3292,2002,1,,5,175,2,,0
3293,2002,1,,5,174,2,,0
3294,2002,1,,5,181,2,,0
3295,2002,1,,5,152,2,,
3296,2002,1,,5,188,2,,0
3297,2002,1,,5,91,2,,0
3298,2002,1,,5,90,2,,0
3299,2002,1,,5,151,2,,0
3300,2002,1,,5,187,2,,0
3301,2002,1,,5,92,2,,0
3302,2002,1,,5,31,2,,0
3303,2002,1,,5,29,2,,0
3304,2002,1,,5,27,2,,0
3305,2002,1,,5,32,2,,0
3306,2002,1,,5,28,2,,0
3307,2002,1,,5,33,2,,0
3308,2002,1,,5,30,2,,0
3309,2002,1,,5,218,2,,0
3310,2002,1,,5,35,2,,2
3311,2002,1,,5,219,2,,0
3312,2002,1,,5,15,2,,0
3313,2002,1,,5,19,2,,2
3314,2002,1,,5,21,2,,3
3315,2002,1,,5,129,2,,0
3316,2002,1,,5,25,2,,0
3317,2002,1,,5,118,2,,0
3318,2002,1,,5,185,2,,0
3319,2002,1,,5,220,2,,0
3320,2002,1,,5,41,2,,0
3321,2002,1,,5,38,2,,0
3322,2002,1,,5,1,4,,29
3323,2002,1,,5,6,4,,29
3324,2002,1,,5,11,4,,0
3325,2002,1,,5,13,4,,52
3326,2002,1,,5,14,4,,14
3327,2002,1,,5,34,4,,18
3328,2002,1,,5,186,4,,0
3329,2002,1,,5,175,4,,7
3330,2002,1,,5,174,4,,11
3331,2002,1,,5,181,4,,8
3332,2002,1,,5,152,4,,13
3333,2002,1,,5,188,4,,8
3334,2002,1,,5,91,4,,8
3335,2002,1,,5,90,4,,8
3336,2002,1,,5,151,4,,0
3337,2002,1,,5,187,4,,10
3338,2002,1,,5,92,4,,0
3339,2002,1,,5,31,4,,0
3340,2002,1,,5,29,4,,0
3341,2002,1,,5,27,4,,0
3342,2002,1,,5,32,4,,0
3343,2002,1,,5,28,4,,0
3344,2002,1,,5,33,4,,0
3345,2002,1,,5,30,4,,0
3346,2002,1,,5,218,4,,19
3347,2002,1,,5,35,4,,11
3348,2002,1,,5,219,4,,0
3349,2002,1,,5,15,4,,5
3350,2002,1,,5,19,4,,6
3351,2002,1,,5,21,4,,1
3352,2002,1,,5,129,4,,0
3353,2002,1,,5,25,4,,2
3354,2002,1,,5,118,4,,4
3355,2002,1,,5,185,4,,0
3356,2002,1,,5,220,4,,0
3357,2002,1,,5,41,4,,42
3358,2002,1,,5,38,4,,29
3359,2002,1,,5,1,3,,0
3360,2002,1,,5,6,3,,1
3361,2002,1,,5,11,3,,0
3362,2002,1,,5,13,3,,49
3363,2002,1,,5,14,3,,1
3364,2002,1,,5,34,3,,0
3365,2002,1,,5,186,3,,0
3366,2002,1,,5,175,3,,0
3367,2002,1,,5,174,3,,0
3368,2002,1,,5,181,3,,0
3369,2002,1,,5,152,3,,1
3370,2002,1,,5,188,3,,0
3371,2002,1,,5,91,3,,0
3372,2002,1,,5,90,3,,0
3373,2002,1,,5,151,3,,0
3374,2002,1,,5,187,3,,0
3375,2002,1,,5,92,3,,0
3376,2002,1,,5,31,3,,0
3377,2002,1,,5,29,3,,0
3378,2002,1,,5,27,3,,0
3379,2002,1,,5,32,3,,0
3380,2002,1,,5,28,3,,0
3381,2002,1,,5,33,3,,0
3382,2002,1,,5,30,3,,0
3383,2002,1,,5,218,3,,0
3384,2002,1,,5,35,3,,0
3385,2002,1,,5,219,3,,0
3386,2002,1,,5,15,3,,1
3387,2002,1,,5,19,3,,0
3388,2002,1,,5,21,3,,0
3389,2002,1,,5,129,3,,0
3390,2002,1,,5,25,3,,0
3391,2002,1,,5,118,3,,0
3392,2002,1,,5,185,3,,0
3393,2002,1,,5,220,3,,0
3394,2002,1,,5,41,3,,2
3395,2002,1,,5,38,3,,0
3396,2002,2,,5,1,1,,0
3397,2002,2,,5,6,1,,0
3398,2002,2,,5,44,1,,0
3399,2002,2,,5,41,1,,0
3400,2002,2,,5,45,1,,0
3401,2002,2,,5,34,1,,0
3402,2002,2,,5,20,1,,0
3403,2002,2,,5,73,1,,0
3404,2002,2,,5,34,1,,0
3405,2002,2,,6,48,1,,0
3406,2002,2,,6,88,1,,0
3407,2002,2,,6,49,1,,0
3408,2002,2,,6,191,1,,0
3409,2002,2,,5,1,3,,51
3410,2002,2,,5,6,3,,40
3411,2002,2,,5,44,3,,41
3412,2002,2,,5,41,3,,60
3413,2002,2,,5,45,3,,40
3414,2002,2,,5,34,3,,24
3415,2002,2,,5,20,3,,45
3416,2002,2,,5,73,3,,24
3417,2002,2,,5,34,3,,20
3418,2002,2,,6,48,3,,0
3419,2002,2,,6,88,3,,13
3420,2002,2,,6,49,3,,12
3421,2002,2,,6,191,3,,14
3422,2002,3,,5,1,1,,0
3423,2002,3,,5,6,1,,2
3424,2002,3,,5,176,1,,2
3425,2002,3,,5,93,1,,0
3426,2002,3,,5,98,1,,1
3427,2002,3,,5,96,1,,1
3428,2002,3,,5,41,1,,2
3429,2002,3,,5,21,1,,0
3430,2002,3,,5,34,1,,3
3431,2002,3,,5,202,1,,0
3432,2002,3,,5,44,1,,3
3433,2002,3,,5,221,1,,3
3434,2002,3,,6,222,1,,0
3435,2002,3,,6,223,1,,0
3436,2002,3,,6,224,1,,0
3437,2002,3,,6,225,1,,0
3438,2002,3,,6,226,1,,0
3439,2002,3,,5,1,3,,1
3440,2002,3,,5,6,3,,0
3441,2002,3,,5,176,3,,0
3442,2002,3,,5,93,3,,1
3443,2002,3,,5,98,3,,0
3444,2002,3,,5,96,3,,0
3445,2002,3,,5,41,3,,2
3446,2002,3,,5,21,3,,1
3447,2002,3,,5,34,3,,1
3448,2002,3,,5,202,3,,1
3449,2002,3,,5,44,3,,1
3450,2002,3,,5,221,3,,1
3451,2002,3,,6,222,3,,0
3452,2002,3,,6,223,3,,0
3453,2002,3,,6,224,3,,0
3454,2002,3,,6,225,3,,0
3455,2002,3,,6,226,3,,0
3456,2002,3,,5,1,2,,25
3457,2002,3,,5,6,2,,18
3458,2002,3,,5,176,2,,22
3459,2002,3,,5,93,2,,26
3460,2002,3,,5,98,2,,21
3461,2002,3,,5,96,2,,14
3462,2002,3,,5,41,2,,39
3463,2002,3,,5,21,2,,14
3464,2002,3,,5,34,2,,30
3465,2002,3,,5,202,2,,0
3466,2002,3,,5,44,2,,18
3467,2002,3,,5,221,2,,18
3468,2002,3,,6,222,2,,0
3469,2002,3,,6,223,2,,0
3470,2002,3,,6,224,2,,0
3471,2002,3,,6,225,2,,13
3472,2002,3,,6,226,2,,10
3473,2002,4,,5,81,1,,1
3474,2002,4,,5,45,1,,1
3475,2002,4,,5,79,1,,1
3476,2002,4,,5,80,1,,1
3477,2002,4,,5,83,1,,1
3478,2002,4,,5,85,1,,1
3479,2002,4,,5,81,3,,27
3480,2002,4,,5,45,3,,52
3481,2002,4,,5,79,3,,74
3482,2002,4,,5,80,3,,39
3483,2002,4,,5,83,3,,37
3484,2002,4,,5,85,3,,44
3485,2001,1,,5,1,1,,19
3486,2001,1,,5,6,1,,12
3487,2001,1,,5,11,1,,0
3488,2001,1,,5,13,1,,26
3489,2001,1,,5,14,1,,19
3490,2001,1,,5,34,1,,6
3491,2001,1,,5,186,1,,0
3492,2001,1,,5,175,1,,11
3493,2001,1,,5,174,1,,15
3494,2001,1,,5,181,1,,2
3495,2001,1,,5,152,1,,0
3496,2001,1,,5,188,1,,1
3497,2001,1,,5,91,1,,2
3498,2001,1,,5,90,1,,2
3499,2001,1,,5,151,1,,12
3500,2001,1,,5,187,1,,5
3501,2001,1,,5,92,1,,18
3502,2001,1,,5,31,1,,0
3503,2001,1,,5,29,1,,0
3504,2001,1,,5,27,1,,0
3505,2001,1,,5,32,1,,0
3506,2001,1,,5,28,1,,0
3507,2001,1,,5,33,1,,0
3508,2001,1,,5,35,1,,8
3509,2001,1,,5,219,1,,0
3510,2001,1,,5,15,1,,26
3511,2001,1,,5,19,1,,14
3512,2001,1,,5,21,1,,10
3513,2001,1,,5,129,1,,0
3514,2001,1,,5,25,1,,0
3515,2001,1,,5,118,1,,0
3516,2001,1,,5,185,1,,0
3517,2001,1,,5,41,1,,5
3518,2001,1,,5,38,1,,8
3519,2001,1,,5,1,2,,0
3520,2001,1,,5,6,2,,1
3521,2001,1,,5,11,2,,0
3522,2001,1,,5,13,2,,50
3523,2001,1,,5,14,2,,1
3524,2001,1,,5,34,2,,0
3525,2001,1,,5,186,2,,0
3526,2001,1,,5,175,2,,0
3527,2001,1,,5,174,2,,0
3528,2001,1,,5,181,2,,0
3529,2001,1,,5,152,2,,0
3530,2001,1,,5,188,2,,0
3531,2001,1,,5,91,2,,0
3532,2001,1,,5,90,2,,0
3533,2001,1,,5,151,2,,0
3534,2001,1,,5,187,2,,2
3535,2001,1,,5,92,2,,0
3536,2001,1,,5,31,2,,0
3537,2001,1,,5,29,2,,0
3538,2001,1,,5,27,2,,0
3539,2001,1,,5,32,2,,0
3540,2001,1,,5,28,2,,0
3541,2001,1,,5,33,2,,0
3542,2001,1,,5,35,2,,2
3543,2001,1,,5,219,2,,0
3544,2001,1,,5,15,2,,3
3545,2001,1,,5,19,2,,2
3546,2001,1,,5,21,2,,0
3547,2001,1,,5,129,2,,0
3548,2001,1,,5,25,2,,0
3549,2001,1,,5,118,2,,0
3550,2001,1,,5,185,2,,0
3551,2001,1,,5,41,2,,2
3552,2001,1,,5,38,2,,0
3553,2001,1,,5,1,3,,27
3554,2001,1,,5,6,3,,25
3555,2001,1,,5,11,3,,0
3556,2001,1,,5,13,3,,53
3557,2001,1,,5,14,3,,13
3558,2001,1,,5,34,3,,18
3559,2001,1,,5,186,3,,0
3560,2001,1,,5,175,3,,6
3561,2001,1,,5,174,3,,9
3562,2001,1,,5,181,3,,6
3563,2001,1,,5,152,3,,0
3564,2001,1,,5,188,3,,8
3565,2001,1,,5,91,3,,10
3566,2001,1,,5,90,3,,6
3567,2001,1,,5,151,3,,2
3568,2001,1,,5,187,3,,11
3569,2001,1,,5,92,3,,20
3570,2001,1,,5,31,3,,0
3571,2001,1,,5,29,3,,0
3572,2001,1,,5,27,3,,0
3573,2001,1,,5,32,3,,0
3574,2001,1,,5,28,3,,0
3575,2001,1,,5,33,3,,0
3576,2001,1,,5,35,3,,11
3577,2001,1,,5,219,3,,1
3578,2001,1,,5,15,3,,6
3579,2001,1,,5,19,3,,6
3580,2001,1,,5,21,3,,8
3581,2001,1,,5,129,3,,0
3582,2001,1,,5,25,3,,0
3583,2001,1,,5,118,3,,4
3584,2001,1,,5,185,3,,2
3585,2001,1,,5,41,3,,25
3586,2001,1,,5,38,3,,28
3587,2001,2,1,5,1,,1,10
3588,2001,2,1,5,6,,1,5
3589,2001,2,1,5,44,,1,8
3590,2001,2,1,5,41,,1,6
3591,2001,2,1,5,45,,1,12
3592,2001,2,1,5,34,,1,12
3593,2001,2,1,5,20,,1,6
3594,2001,2,1,5,73,,1,14
3595,2001,2,1,5,35,,1,7
3596,2001,2,1,5,1,,2,41
3597,2001,2,1,5,6,,2,35
3598,2001,2,1,5,44,,2,33
3599,2001,2,1,5,41,,2,54
3600,2001,2,1,5,45,,2,28
3601,2001,2,1,5,34,,2,12
3602,2001,2,1,5,20,,2,39
3603,2001,2,1,5,73,,2,10
3604,2001,2,1,5,35,,2,13
3605,2001,2,2,5,1,,1,8
3606,2001,2,2,5,6,,1,5
3607,2001,2,2,5,44,,1,9
3608,2001,2,2,5,41,,1,6
3609,2001,2,2,5,45,,1,10
3610,2001,2,2,5,34,,1,11
3611,2001,2,2,5,20,,1,7
3612,2001,2,2,5,73,,1,13
3613,2001,2,2,5,35,,1,11
3614,2001,2,2,5,1,,2,42
3615,2001,2,2,5,6,,2,8
3616,2001,2,2,5,44,,2,32
3617,2001,2,2,5,41,,2,54
3618,2001,2,2,5,45,,2,30
3619,2001,2,2,5,34,,2,14
3620,2001,2,2,5,20,,2,33
3621,2001,2,2,5,73,,2,11
3622,2001,2,2,5,35,,2,17
3623,2001,3,,5,1,1,1,2
3624,2001,3,,5,6,1,1,2
3625,2001,3,,5,176,1,1,1
3626,2001,3,,5,93,1,1,1
3627,2001,3,,5,98,1,1,2
3628,2001,3,,5,96,1,1,1
3629,2001,3,,5,41,1,1,3
3630,2001,3,,5,21,1,1,2
3631,2001,3,,5,229,1,1,0
3632,2001,3,,5,230,1,1,0
3633,2001,3,,5,231,1,1,0
3634,2001,3,,5,232,1,1,3
3635,2001,3,,6,222,1,1,0
3636,2001,3,,6,226,1,1,0
3637,2001,3,,6,223,1,1,0
3638,2001,3,,6,225,1,1,0
3639,2001,3,,5,1,1,2,0
3640,2001,3,,5,6,1,2,0
3641,2001,3,,5,176,1,2,0
3642,2001,3,,5,93,1,2,0
3643,2001,3,,5,98,1,2,0
3644,2001,3,,5,96,1,2,0
3645,2001,3,,5,41,1,2,0
3646,2001,3,,5,21,1,2,0
3647,2001,3,,5,229,1,2,2
3648,2001,3,,5,230,1,2,0
3649,2001,3,,5,231,1,2,0
3650,2001,3,,5,232,1,2,0
3651,2001,3,,6,222,1,2,0
3652,2001,3,,6,226,1,2,0
3653,2001,3,,6,223,1,2,0
3654,2001,3,,6,225,1,2,0
3655,2001,3,,5,1,3,1,15
3656,2001,3,,5,6,3,1,9
3657,2001,3,,5,176,3,1,3
3658,2001,3,,5,93,3,1,18
3659,2001,3,,5,98,3,1,6
3660,2001,3,,5,96,3,1,17
3661,2001,3,,5,41,3,1,36
3662,2001,3,,5,21,3,1,9
3663,2001,3,,5,229,3,1,7
3664,2001,3,,5,230,3,1,4
3665,2001,3,,5,231,3,1,0
3666,2001,3,,5,232,3,1,14
3667,2001,3,,6,222,3,1,1
3668,2001,3,,6,226,3,1,0
3669,2001,3,,6,223,3,1,0
3670,2001,3,,6,225,3,1,1
3671,2001,3,,5,1,3,2,4
3672,2001,3,,5,6,3,2,3
3673,2001,3,,5,176,3,2,2
3674,2001,3,,5,93,3,2,5
3675,2001,3,,5,98,3,2,9
3676,2001,3,,5,96,3,2,1
3677,2001,3,,5,41,3,2,8
3678,2001,3,,5,21,3,2,3
3679,2001,3,,5,229,3,2,15
3680,2001,3,,5,230,3,2,1
3681,2001,3,,5,231,3,2,2
3682,2001,3,,5,232,3,2,16
3683,2001,3,,6,222,3,2,1
3684,2001,3,,6,226,3,2,0
3685,2001,3,,6,223,3,2,0
3686,2001,3,,6,225,3,2,1
3687,2001,3,,5,1,2,1,1
3688,2001,3,,5,6,2,1,1
3689,2001,3,,5,176,2,1,1
3690,2001,3,,5,93,2,1,1
3691,2001,3,,5,98,2,1,0
3692,2001,3,,5,96,2,1,0
3693,2001,3,,5,41,2,1,2
3694,2001,3,,5,21,2,1,0
3695,2001,3,,5,229,2,1,0
3696,2001,3,,5,230,2,1,0
3697,2001,3,,5,231,2,1,0
3698,2001,3,,5,232,2,1,0
3699,2001,3,,6,222,2,1,0
3700,2001,3,,6,226,2,1,0
3701,2001,3,,6,223,2,1,0
3702,2001,3,,6,225,2,1,0
3703,2001,3,,5,1,2,2,0
3704,2001,3,,5,6,2,2,0
3705,2001,3,,5,176,2,2,0
3706,2001,3,,5,93,2,2,0
3707,2001,3,,5,98,2,2,0
3708,2001,3,,5,96,2,2,0
3709,2001,3,,5,41,2,2,0
3710,2001,3,,5,21,2,2,0
3711,2001,3,,5,229,2,2,1
3712,2001,3,,5,230,2,2,0
3713,2001,3,,5,231,2,2,2
3714,2001,3,,5,232,2,2,0
3715,2001,3,,6,222,2,2,0
3716,2001,3,,6,226,2,2,0
3717,2001,3,,6,223,2,2,0
3718,2001,3,,6,225,2,2,0
3719,2001,5,1,5,195,3,1,13
3720,2001,5,1,5,133,3,1,11
3721,2001,5,1,5,234,3,1,8
3722,2001,5,1,5,235,3,1,7
3723,2001,5,1,5,236,3,1,0
3724,2001,5,1,5,237,3,1,10
3725,2001,5,1,5,1,3,1,0
3726,2001,5,1,5,238,3,1,0
3727,2001,5,1,5,103,3,1,0
3728,2001,5,1,5,195,3,2,5
3729,2001,5,1,5,133,3,2,8
3730,2001,5,1,5,234,3,2,1
3731,2001,5,1,5,235,3,2,8
3732,2001,5,1,5,236,3,2,0
3733,2001,5,1,5,237,3,2,6
3734,2001,5,1,5,1,3,2,0
3735,2001,5,1,5,238,3,2,0
3736,2001,5,1,5,103,3,2,0
3737,2001,5,2,5,195,3,1,17
3738,2001,5,2,5,133,3,1,18
3739,2001,5,2,5,234,3,1,9
3740,2001,5,2,5,235,3,1,10
3741,2001,5,2,5,236,3,1,0
3742,2001,5,2,5,237,3,1,9
3743,2001,5,2,5,1,3,1,0
3744,2001,5,2,5,238,3,1,0
3745,2001,5,2,5,103,3,1,0
3746,2001,5,2,5,195,3,2,10
3747,2001,5,2,5,133,3,2,7
3748,2001,5,2,5,234,3,2,1
3749,2001,5,2,5,235,3,2,2
3750,2001,5,2,5,236,3,2,0
3751,2001,5,2,5,237,3,2,7
3752,2001,5,2,5,1,3,2,0
3753,2001,5,2,5,238,3,2,0
3754,2001,5,2,5,103,3,2,0
3755,2001,9,,5,1,3,1,8
3756,2001,9,,5,44,3,1,8
3757,2001,9,,5,111,3,1,2
3758,2001,9,,5,117,3,1,0
3759,2001,9,,5,118,3,1,5
3760,2001,9,,5,116,3,1,5
3761,2001,9,,5,115,3,1,0
3762,2001,9,,5,178,3,1,2
3763,2001,9,,5,192,3,1,1
3764,2001,9,,5,1,3,2,5
3765,2001,9,,5,44,3,2,1
3766,2001,9,,5,111,3,2,2
3767,2001,9,,5,117,3,2,2
3768,2001,9,,5,118,3,2,1
3769,2001,9,,5,116,3,2,0
3770,2001,9,,5,115,3,2,0
3771,2001,9,,5,178,3,2,6
3772,2001,9,,5,192,3,2,1
3773,2001,9,,5,1,2,1,0
3774,2001,9,,5,44,2,1,1
3775,2001,9,,5,111,2,1,0
3776,2001,9,,5,117,2,1,0
3777,2001,9,,5,118,2,1,0
3778,2001,9,,5,116,2,1,0
3779,2001,9,,5,115,2,1,0
3780,2001,9,,5,178,2,1,0
3781,2001,9,,5,192,2,1,0
3782,2001,9,,5,1,2,2,1
3783,2001,9,,5,44,2,2,0
3784,2001,9,,5,111,2,2,0
3785,2001,9,,5,117,2,2,0
3786,2001,9,,5,118,2,2,0
3787,2001,9,,5,116,2,2,0
3788,2001,9,,5,115,2,2,0
3789,2001,9,,5,178,2,2,1
3790,2001,9,,5,192,2,2,0
